,TimeHour
10,2018-01-01 23:00:00
35,2018-01-03 00:00:00
36,2018-01-03 01:00:00
37,2018-01-03 02:00:00
38,2018-01-03 03:00:00
39,2018-01-03 04:00:00
40,2018-01-03 05:00:00
41,2018-01-03 06:00:00
42,2018-01-03 07:00:00
43,2018-01-03 08:00:00
44,2018-01-03 09:00:00
45,2018-01-03 10:00:00
46,2018-01-03 11:00:00
47,2018-01-03 12:00:00
48,2018-01-03 13:00:00
49,2018-01-03 14:00:00
50,2018-01-03 15:00:00
51,2018-01-03 16:00:00
52,2018-01-03 17:00:00
53,2018-01-03 18:00:00
54,2018-01-03 19:00:00
55,2018-01-03 20:00:00
56,2018-01-03 21:00:00
57,2018-01-03 22:00:00
58,2018-01-03 23:00:00
59,2018-01-04 00:00:00
60,2018-01-04 01:00:00
61,2018-01-04 02:00:00
62,2018-01-04 03:00:00
63,2018-01-04 04:00:00
64,2018-01-04 05:00:00
65,2018-01-04 06:00:00
66,2018-01-04 07:00:00
67,2018-01-04 08:00:00
68,2018-01-04 09:00:00
69,2018-01-04 10:00:00
70,2018-01-04 11:00:00
71,2018-01-04 12:00:00
72,2018-01-04 13:00:00
73,2018-01-04 14:00:00
74,2018-01-04 15:00:00
75,2018-01-04 16:00:00
76,2018-01-04 17:00:00
77,2018-01-04 18:00:00
78,2018-01-04 19:00:00
79,2018-01-04 20:00:00
80,2018-01-04 21:00:00
81,2018-01-04 22:00:00
82,2018-01-04 23:00:00
83,2018-01-05 00:00:00
84,2018-01-05 01:00:00
85,2018-01-05 02:00:00
86,2018-01-05 03:00:00
87,2018-01-05 04:00:00
88,2018-01-05 05:00:00
89,2018-01-05 06:00:00
90,2018-01-05 07:00:00
91,2018-01-05 08:00:00
92,2018-01-05 09:00:00
93,2018-01-05 10:00:00
94,2018-01-05 11:00:00
95,2018-01-05 12:00:00
96,2018-01-05 13:00:00
97,2018-01-05 14:00:00
98,2018-01-05 15:00:00
99,2018-01-05 16:00:00
100,2018-01-05 17:00:00
101,2018-01-05 18:00:00
102,2018-01-05 19:00:00
103,2018-01-05 20:00:00
104,2018-01-05 21:00:00
105,2018-01-05 22:00:00
106,2018-01-05 23:00:00
323,2018-01-15 00:00:00
324,2018-01-15 01:00:00
325,2018-01-15 02:00:00
326,2018-01-15 03:00:00
327,2018-01-15 04:00:00
328,2018-01-15 05:00:00
329,2018-01-15 06:00:00
330,2018-01-15 07:00:00
331,2018-01-15 08:00:00
332,2018-01-15 09:00:00
333,2018-01-15 10:00:00
334,2018-01-15 11:00:00
335,2018-01-15 12:00:00
336,2018-01-15 13:00:00
337,2018-01-15 14:00:00
338,2018-01-15 15:00:00
339,2018-01-15 16:00:00
340,2018-01-15 17:00:00
341,2018-01-15 18:00:00
342,2018-01-15 19:00:00
343,2018-01-15 20:00:00
344,2018-01-15 21:00:00
345,2018-01-15 22:00:00
346,2018-01-15 23:00:00
395,2018-01-18 00:00:00
396,2018-01-18 01:00:00
397,2018-01-18 02:00:00
398,2018-01-18 03:00:00
399,2018-01-18 04:00:00
400,2018-01-18 05:00:00
401,2018-01-18 06:00:00
402,2018-01-18 07:00:00
403,2018-01-18 08:00:00
404,2018-01-18 09:00:00
405,2018-01-18 10:00:00
406,2018-01-18 11:00:00
407,2018-01-18 12:00:00
408,2018-01-18 13:00:00
409,2018-01-18 14:00:00
410,2018-01-18 15:00:00
411,2018-01-18 16:00:00
412,2018-01-18 17:00:00
413,2018-01-18 18:00:00
414,2018-01-18 19:00:00
415,2018-01-18 20:00:00
416,2018-01-18 21:00:00
417,2018-01-18 22:00:00
418,2018-01-18 23:00:00
665,2018-01-31 15:00:00
666,2018-01-31 16:00:00
667,2018-01-31 17:00:00
668,2018-01-31 18:00:00
669,2018-01-31 19:00:00
670,2018-01-31 20:00:00
671,2018-01-31 21:00:00
672,2018-01-31 22:00:00
673,2018-01-31 23:00:00
849,2018-02-11 00:00:00
850,2018-02-11 01:00:00
851,2018-02-11 02:00:00
852,2018-02-11 03:00:00
853,2018-02-11 04:00:00
854,2018-02-11 05:00:00
855,2018-02-11 06:00:00
856,2018-02-11 07:00:00
857,2018-02-11 08:00:00
858,2018-02-11 09:00:00
859,2018-02-11 10:00:00
860,2018-02-11 11:00:00
861,2018-02-11 12:00:00
862,2018-02-11 13:00:00
863,2018-02-11 14:00:00
864,2018-02-11 15:00:00
865,2018-02-11 16:00:00
866,2018-02-11 17:00:00
867,2018-02-11 18:00:00
868,2018-02-11 19:00:00
869,2018-02-11 20:00:00
870,2018-02-11 21:00:00
871,2018-02-11 22:00:00
872,2018-02-11 23:00:00
945,2018-02-15 00:00:00
946,2018-02-15 01:00:00
947,2018-02-15 02:00:00
948,2018-02-15 03:00:00
949,2018-02-15 04:00:00
950,2018-02-15 05:00:00
951,2018-02-15 06:00:00
952,2018-02-15 07:00:00
953,2018-02-15 08:00:00
954,2018-02-15 09:00:00
955,2018-02-15 10:00:00
956,2018-02-15 11:00:00
957,2018-02-15 12:00:00
958,2018-02-15 13:00:00
959,2018-02-15 14:00:00
960,2018-02-15 15:00:00
961,2018-02-15 16:00:00
962,2018-02-15 17:00:00
963,2018-02-15 18:00:00
964,2018-02-15 19:00:00
965,2018-02-15 20:00:00
966,2018-02-15 21:00:00
967,2018-02-15 22:00:00
968,2018-02-15 23:00:00
1282,2018-03-04 00:00:00
1283,2018-03-04 01:00:00
1284,2018-03-04 02:00:00
1285,2018-03-04 03:00:00
1286,2018-03-04 04:00:00
1287,2018-03-04 05:00:00
1288,2018-03-04 06:00:00
1289,2018-03-04 07:00:00
1290,2018-03-04 08:00:00
1291,2018-03-04 09:00:00
1292,2018-03-04 10:00:00
1293,2018-03-04 11:00:00
1294,2018-03-04 12:00:00
1295,2018-03-04 13:00:00
1296,2018-03-04 14:00:00
1297,2018-03-04 15:00:00
1298,2018-03-04 16:00:00
1299,2018-03-04 17:00:00
1300,2018-03-04 18:00:00
1301,2018-03-04 19:00:00
1302,2018-03-04 20:00:00
1303,2018-03-04 21:00:00
1304,2018-03-04 22:00:00
1305,2018-03-04 23:00:00
1378,2018-03-08 00:00:00
1379,2018-03-08 01:00:00
1380,2018-03-08 02:00:00
1381,2018-03-08 03:00:00
1382,2018-03-08 04:00:00
1383,2018-03-08 05:00:00
1384,2018-03-08 06:00:00
1385,2018-03-08 07:00:00
1386,2018-03-08 08:00:00
1387,2018-03-08 09:00:00
1388,2018-03-08 10:00:00
1389,2018-03-08 11:00:00
1390,2018-03-08 12:00:00
1391,2018-03-08 13:00:00
1392,2018-03-08 14:00:00
1393,2018-03-08 15:00:00
1394,2018-03-08 16:00:00
1395,2018-03-08 17:00:00
1396,2018-03-08 18:00:00
1397,2018-03-08 19:00:00
1398,2018-03-08 20:00:00
1399,2018-03-08 21:00:00
1400,2018-03-08 22:00:00
1401,2018-03-08 23:00:00
1546,2018-03-15 00:00:00
1547,2018-03-15 01:00:00
1548,2018-03-15 02:00:00
1549,2018-03-15 03:00:00
1550,2018-03-15 04:00:00
1551,2018-03-15 05:00:00
1552,2018-03-15 06:00:00
1553,2018-03-15 07:00:00
1554,2018-03-15 08:00:00
1555,2018-03-15 09:00:00
1556,2018-03-15 10:00:00
1557,2018-03-15 11:00:00
1558,2018-03-15 12:00:00
1559,2018-03-15 13:00:00
1560,2018-03-15 14:00:00
1561,2018-03-15 15:00:00
1562,2018-03-15 16:00:00
1563,2018-03-15 17:00:00
1564,2018-03-15 18:00:00
1565,2018-03-15 19:00:00
1566,2018-03-15 20:00:00
1567,2018-03-15 21:00:00
1568,2018-03-15 21:00:00
1569,2018-03-15 21:00:00
1570,2018-03-15 21:00:00
1571,2018-03-15 21:00:00
1572,2018-03-15 21:00:00
1573,2018-03-15 21:00:00
1574,2018-03-15 21:00:00
1575,2018-03-15 21:00:00
1576,2018-03-15 21:00:00
1577,2018-03-15 21:00:00
1578,2018-03-15 21:00:00
1579,2018-03-15 21:00:00
1580,2018-03-15 21:00:00
1581,2018-03-15 21:00:00
1582,2018-03-15 21:00:00
1583,2018-03-15 21:00:00
1584,2018-03-15 21:00:00
1585,2018-03-15 21:00:00
1586,2018-03-15 21:00:00
1587,2018-03-15 21:00:00
1588,2018-03-15 21:00:00
1589,2018-03-15 21:00:00
1590,2018-03-15 21:00:00
1591,2018-03-15 21:00:00
1592,2018-03-15 21:00:00
1593,2018-03-15 21:00:00
1594,2018-03-15 21:00:00
1595,2018-03-15 21:00:00
1596,2018-03-15 21:00:00
1597,2018-03-15 21:00:00
1598,2018-03-15 21:00:00
1599,2018-03-15 21:00:00
1600,2018-03-15 21:00:00
1601,2018-03-15 21:00:00
1602,2018-03-15 21:00:00
1603,2018-03-15 21:00:00
1604,2018-03-15 21:00:00
1605,2018-03-15 21:00:00
1606,2018-03-15 21:00:00
1607,2018-03-15 21:00:00
1608,2018-03-15 21:00:00
1609,2018-03-15 21:00:00
1610,2018-03-15 21:00:00
1611,2018-03-15 21:00:00
1612,2018-03-15 21:00:00
1613,2018-03-15 21:00:00
1614,2018-03-15 21:00:00
1615,2018-03-15 21:00:00
1616,2018-03-15 21:00:00
1617,2018-03-15 21:00:00
1618,2018-03-15 21:00:00
1619,2018-03-15 21:00:00
1620,2018-03-15 21:00:00
1621,2018-03-15 21:00:00
1622,2018-03-15 21:00:00
1623,2018-03-15 21:00:00
1624,2018-03-15 21:00:00
1625,2018-03-15 21:00:00
1626,2018-03-15 21:00:00
1627,2018-03-15 21:00:00
1628,2018-03-15 21:00:00
1629,2018-03-15 21:00:00
1630,2018-03-15 21:00:00
1631,2018-03-15 21:00:00
1632,2018-03-15 21:00:00
1633,2018-03-15 21:00:00
1634,2018-03-15 21:00:00
1635,2018-03-15 21:00:00
1636,2018-03-15 21:00:00
1637,2018-03-15 21:00:00
1638,2018-03-15 21:00:00
1639,2018-03-15 21:00:00
1640,2018-03-15 21:00:00
1641,2018-03-15 21:00:00
1642,2018-03-15 21:00:00
1643,2018-03-15 21:00:00
1644,2018-03-15 21:00:00
1645,2018-03-15 21:00:00
1646,2018-03-15 21:00:00
1647,2018-03-15 21:00:00
1648,2018-03-15 21:00:00
1649,2018-03-15 21:00:00
1650,2018-03-15 21:00:00
1651,2018-03-15 21:00:00
1652,2018-03-15 21:00:00
1653,2018-03-15 21:00:00
1654,2018-03-15 21:00:00
1655,2018-03-15 21:00:00
1656,2018-03-15 21:00:00
1657,2018-03-15 21:00:00
1658,2018-03-15 21:00:00
1659,2018-03-15 21:00:00
1660,2018-03-15 21:00:00
1661,2018-03-15 21:00:00
1662,2018-03-15 21:00:00
1663,2018-03-15 21:00:00
1664,2018-03-15 21:00:00
1665,2018-03-15 21:00:00
1666,2018-03-15 21:00:00
1667,2018-03-15 21:00:00
1668,2018-03-15 21:00:00
1669,2018-03-15 21:00:00
1670,2018-03-15 21:00:00
1671,2018-03-15 21:00:00
1672,2018-03-15 21:00:00
1673,2018-03-15 21:00:00
1674,2018-03-15 21:00:00
1675,2018-03-15 21:00:00
1676,2018-03-15 21:00:00
1677,2018-03-15 21:00:00
1678,2018-03-15 21:00:00
1679,2018-03-15 21:00:00
1680,2018-03-15 21:00:00
1681,2018-03-15 21:00:00
1682,2018-03-15 21:00:00
1683,2018-03-15 21:00:00
1684,2018-03-15 21:00:00
1685,2018-03-15 21:00:00
1686,2018-03-15 21:00:00
1687,2018-03-15 21:00:00
1688,2018-03-15 21:00:00
1689,2018-03-15 21:00:00
1690,2018-03-15 21:00:00
1691,2018-03-15 21:00:00
1692,2018-03-15 21:00:00
1693,2018-03-15 21:00:00
1694,2018-03-15 21:00:00
1695,2018-03-15 21:00:00
1696,2018-03-15 21:00:00
1697,2018-03-15 21:00:00
1698,2018-03-15 21:00:00
1699,2018-03-15 21:00:00
1700,2018-03-15 21:00:00
1701,2018-03-15 21:00:00
1702,2018-03-15 21:00:00
1703,2018-03-15 21:00:00
1704,2018-03-15 21:00:00
1705,2018-03-15 21:00:00
1706,2018-03-15 21:00:00
1707,2018-03-15 21:00:00
1708,2018-03-15 21:00:00
1709,2018-03-15 21:00:00
1710,2018-03-15 21:00:00
1711,2018-03-15 21:00:00
1712,2018-03-15 21:00:00
1713,2018-03-15 21:00:00
1714,2018-03-15 21:00:00
1715,2018-03-15 21:00:00
1716,2018-03-15 21:00:00
1717,2018-03-15 21:00:00
1718,2018-03-15 21:00:00
1719,2018-03-15 21:00:00
1720,2018-03-15 21:00:00
1721,2018-03-15 21:00:00
1722,2018-03-15 21:00:00
1723,2018-03-15 21:00:00
1724,2018-03-15 21:00:00
1725,2018-03-15 21:00:00
1726,2018-03-15 21:00:00
1727,2018-03-15 21:00:00
1728,2018-03-15 21:00:00
1729,2018-03-15 21:00:00
1730,2018-03-15 21:00:00
1731,2018-03-15 21:00:00
1732,2018-03-15 21:00:00
1733,2018-03-15 21:00:00
1734,2018-03-15 21:00:00
1735,2018-03-15 21:00:00
1736,2018-03-15 21:00:00
1737,2018-03-15 21:00:00
1738,2018-03-15 21:00:00
1739,2018-03-15 21:00:00
1740,2018-03-15 21:00:00
1741,2018-03-15 21:00:00
1742,2018-03-15 21:00:00
1743,2018-03-15 21:00:00
1744,2018-03-15 21:00:00
1745,2018-03-15 21:00:00
1746,2018-03-15 21:00:00
1747,2018-03-15 21:00:00
1748,2018-03-15 21:00:00
1749,2018-03-15 21:00:00
1750,2018-03-15 21:00:00
1751,2018-03-15 21:00:00
1752,2018-03-15 21:00:00
1753,2018-03-15 21:00:00
1754,2018-03-15 21:00:00
1755,2018-03-15 21:00:00
1756,2018-03-15 21:00:00
1757,2018-03-15 21:00:00
1758,2018-03-15 21:00:00
1759,2018-03-15 21:00:00
1760,2018-03-15 21:00:00
1761,2018-03-15 21:00:00
1762,2018-03-15 21:00:00
1763,2018-03-15 21:00:00
1764,2018-03-15 21:00:00
1765,2018-03-15 21:00:00
1766,2018-03-15 21:00:00
1767,2018-03-15 21:00:00
1768,2018-03-15 21:00:00
1769,2018-03-15 21:00:00
1770,2018-03-15 21:00:00
1771,2018-03-15 21:00:00
1772,2018-03-15 21:00:00
1773,2018-03-15 21:00:00
1774,2018-03-15 21:00:00
1775,2018-03-15 21:00:00
1776,2018-03-15 21:00:00
1777,2018-03-15 21:00:00
1778,2018-03-15 21:00:00
1779,2018-03-15 21:00:00
1780,2018-03-15 21:00:00
1781,2018-03-15 21:00:00
1782,2018-03-15 21:00:00
1783,2018-03-15 21:00:00
1784,2018-03-15 21:00:00
1785,2018-03-15 21:00:00
1786,2018-03-15 21:00:00
1787,2018-03-15 21:00:00
1788,2018-03-15 21:00:00
1789,2018-03-15 21:00:00
1790,2018-03-15 21:00:00
1791,2018-03-15 21:00:00
1792,2018-03-15 21:00:00
1793,2018-03-15 21:00:00
1794,2018-03-15 21:00:00
1795,2018-03-15 21:00:00
1796,2018-03-15 21:00:00
1797,2018-03-15 21:00:00
1798,2018-03-15 21:00:00
1799,2018-03-15 21:00:00
1800,2018-03-15 21:00:00
1801,2018-03-15 21:00:00
1802,2018-03-15 21:00:00
1803,2018-03-15 21:00:00
1804,2018-03-15 21:00:00
1805,2018-03-15 21:00:00
1806,2018-03-15 21:00:00
1807,2018-03-15 21:00:00
1808,2018-03-15 21:00:00
1809,2018-03-15 21:00:00
1810,2018-03-15 21:00:00
1811,2018-03-15 21:00:00
1812,2018-03-15 21:00:00
1813,2018-03-15 21:00:00
1814,2018-03-15 21:00:00
1815,2018-03-15 21:00:00
1816,2018-03-15 21:00:00
1817,2018-03-15 21:00:00
1818,2018-03-15 21:00:00
1819,2018-03-15 21:00:00
1820,2018-03-15 21:00:00
1821,2018-03-15 21:00:00
1822,2018-03-15 21:00:00
1823,2018-03-15 21:00:00
1824,2018-03-15 21:00:00
1825,2018-03-15 21:00:00
1826,2018-03-15 21:00:00
1827,2018-03-15 21:00:00
1828,2018-03-15 21:00:00
1829,2018-03-15 21:00:00
1830,2018-03-15 21:00:00
1831,2018-03-15 21:00:00
1832,2018-03-15 21:00:00
1833,2018-03-15 21:00:00
1834,2018-03-15 21:00:00
1835,2018-03-15 21:00:00
1836,2018-03-15 21:00:00
1837,2018-03-15 21:00:00
1838,2018-03-15 21:00:00
1839,2018-03-15 21:00:00
1840,2018-03-15 21:00:00
1841,2018-03-15 21:00:00
1842,2018-03-15 21:00:00
1843,2018-03-15 21:00:00
1844,2018-03-15 21:00:00
1845,2018-03-15 21:00:00
1846,2018-03-15 21:00:00
1847,2018-03-15 21:00:00
1848,2018-03-15 21:00:00
1849,2018-03-15 21:00:00
1850,2018-03-15 21:00:00
1851,2018-03-15 21:00:00
1852,2018-03-15 21:00:00
1853,2018-03-15 21:00:00
1854,2018-03-15 21:00:00
1855,2018-03-15 21:00:00
1856,2018-03-15 21:00:00
1857,2018-03-15 21:00:00
1858,2018-03-15 21:00:00
1859,2018-03-15 21:00:00
1860,2018-03-15 21:00:00
1861,2018-03-15 21:00:00
1862,2018-03-15 21:00:00
1863,2018-03-15 21:00:00
1864,2018-03-15 21:00:00
1865,2018-03-15 21:00:00
1866,2018-03-15 21:00:00
1867,2018-03-15 21:00:00
1868,2018-03-15 21:00:00
1869,2018-03-15 21:00:00
1870,2018-03-15 21:00:00
1871,2018-03-15 21:00:00
1872,2018-03-15 21:00:00
1873,2018-03-15 21:00:00
1874,2018-03-15 21:00:00
1875,2018-03-15 21:00:00
1876,2018-03-15 21:00:00
1877,2018-03-15 21:00:00
1878,2018-03-15 21:00:00
1879,2018-03-15 21:00:00
1880,2018-03-15 21:00:00
1881,2018-03-15 21:00:00
1882,2018-03-15 21:00:00
1883,2018-03-15 21:00:00
1884,2018-03-15 21:00:00
1885,2018-03-15 21:00:00
1886,2018-03-15 21:00:00
1887,2018-03-15 21:00:00
1888,2018-03-15 21:00:00
1889,2018-03-15 21:00:00
1890,2018-03-15 21:00:00
1891,2018-03-15 21:00:00
1892,2018-03-15 21:00:00
1893,2018-03-15 21:00:00
1894,2018-03-15 21:00:00
1895,2018-03-15 21:00:00
1896,2018-03-15 21:00:00
1897,2018-03-15 21:00:00
1898,2018-03-15 21:00:00
1899,2018-03-15 21:00:00
1900,2018-03-15 21:00:00
1901,2018-03-15 21:00:00
1902,2018-03-15 21:00:00
1903,2018-03-15 21:00:00
1904,2018-03-15 21:00:00
1905,2018-03-15 21:00:00
1906,2018-03-15 21:00:00
1907,2018-03-15 21:00:00
1908,2018-03-15 21:00:00
1909,2018-03-15 21:00:00
1910,2018-03-15 21:00:00
1911,2018-03-15 21:00:00
1912,2018-03-15 21:00:00
1913,2018-03-15 21:00:00
1914,2018-03-15 21:00:00
1915,2018-03-15 21:00:00
1916,2018-03-15 21:00:00
1917,2018-03-15 21:00:00
1918,2018-03-15 21:00:00
1919,2018-03-15 21:00:00
1920,2018-03-15 21:00:00
1921,2018-03-15 21:00:00
1922,2018-03-15 21:00:00
1923,2018-03-15 21:00:00
1924,2018-03-15 21:00:00
1925,2018-03-15 21:00:00
1926,2018-03-15 21:00:00
1927,2018-03-15 21:00:00
1928,2018-03-15 21:00:00
1929,2018-03-15 21:00:00
1930,2018-03-15 21:00:00
1931,2018-03-15 21:00:00
1932,2018-03-15 21:00:00
1933,2018-03-15 21:00:00
1934,2018-03-15 21:00:00
1935,2018-03-15 21:00:00
1936,2018-03-15 21:00:00
1937,2018-03-15 21:00:00
1938,2018-03-15 21:00:00
1939,2018-03-15 21:00:00
1940,2018-03-15 21:00:00
1941,2018-03-15 21:00:00
1942,2018-03-15 21:00:00
1943,2018-03-15 21:00:00
1944,2018-03-15 21:00:00
1945,2018-03-15 21:00:00
1946,2018-03-15 21:00:00
1947,2018-03-15 21:00:00
1948,2018-03-15 21:00:00
1949,2018-03-15 21:00:00
1950,2018-03-15 21:00:00
1951,2018-03-15 21:00:00
1952,2018-03-15 21:00:00
1953,2018-03-15 21:00:00
1954,2018-03-15 21:00:00
1955,2018-03-15 21:00:00
1956,2018-03-15 21:00:00
1957,2018-03-15 21:00:00
1958,2018-03-15 21:00:00
1959,2018-03-15 21:00:00
1960,2018-03-15 21:00:00
1961,2018-03-15 21:00:00
1962,2018-03-15 21:00:00
1963,2018-03-15 21:00:00
1964,2018-03-15 21:00:00
1965,2018-03-15 21:00:00
1966,2018-03-15 21:00:00
1967,2018-03-15 21:00:00
1968,2018-03-15 21:00:00
1969,2018-03-15 21:00:00
1970,2018-03-15 21:00:00
1971,2018-03-15 21:00:00
1972,2018-03-15 21:00:00
1973,2018-03-15 21:00:00
1974,2018-03-15 21:00:00
1975,2018-03-15 21:00:00
1976,2018-03-15 21:00:00
1977,2018-03-15 21:00:00
1978,2018-03-15 21:00:00
1979,2018-03-15 21:00:00
1980,2018-03-15 21:00:00
1981,2018-03-15 21:00:00
1982,2018-03-15 21:00:00
1983,2018-03-15 21:00:00
1984,2018-03-15 21:00:00
1985,2018-03-15 21:00:00
1986,2018-03-15 21:00:00
1987,2018-03-15 21:00:00
1988,2018-03-15 21:00:00
1989,2018-03-15 21:00:00
1990,2018-03-15 21:00:00
1991,2018-03-15 21:00:00
1992,2018-03-15 21:00:00
1993,2018-03-15 21:00:00
1994,2018-03-15 21:00:00
1995,2018-03-15 21:00:00
1996,2018-03-15 21:00:00
1997,2018-03-15 21:00:00
1998,2018-03-15 21:00:00
1999,2018-03-15 21:00:00
2000,2018-03-15 21:00:00
2001,2018-03-15 21:00:00
2002,2018-03-15 21:00:00
2003,2018-03-15 21:00:00
2004,2018-03-15 21:00:00
2005,2018-03-15 21:00:00
2006,2018-03-15 21:00:00
2007,2018-03-15 21:00:00
2008,2018-03-15 21:00:00
2009,2018-03-15 21:00:00
2010,2018-03-15 21:00:00
2011,2018-03-15 21:00:00
2012,2018-03-15 21:00:00
2013,2018-03-15 21:00:00
2014,2018-03-15 21:00:00
2015,2018-03-15 21:00:00
2016,2018-03-15 21:00:00
2017,2018-03-15 21:00:00
2018,2018-03-15 21:00:00
2019,2018-03-15 21:00:00
2020,2018-03-15 21:00:00
2021,2018-03-15 21:00:00
2022,2018-03-15 21:00:00
2023,2018-03-15 21:00:00
2024,2018-03-15 21:00:00
2025,2018-03-15 21:00:00
2026,2018-03-15 21:00:00
2027,2018-03-15 21:00:00
2028,2018-03-15 21:00:00
2029,2018-03-15 21:00:00
2030,2018-03-15 21:00:00
2031,2018-03-15 21:00:00
2032,2018-03-15 21:00:00
2033,2018-03-15 21:00:00
2034,2018-03-15 21:00:00
2035,2018-03-15 21:00:00
2036,2018-03-15 21:00:00
2037,2018-03-15 21:00:00
2038,2018-03-15 21:00:00
2039,2018-03-15 21:00:00
2040,2018-03-15 21:00:00
2041,2018-03-15 21:00:00
2042,2018-03-15 21:00:00
2043,2018-03-15 21:00:00
2044,2018-03-15 21:00:00
2045,2018-03-15 21:00:00
2046,2018-03-15 21:00:00
2047,2018-03-15 21:00:00
2048,2018-03-15 21:00:00
2049,2018-03-15 21:00:00
2050,2018-03-15 21:00:00
2051,2018-03-15 21:00:00
2052,2018-03-15 21:00:00
2053,2018-03-15 21:00:00
2054,2018-03-15 21:00:00
2055,2018-03-15 21:00:00
2056,2018-03-15 21:00:00
2057,2018-03-15 21:00:00
2058,2018-03-15 21:00:00
2059,2018-03-15 21:00:00
2060,2018-03-15 21:00:00
2061,2018-03-15 21:00:00
2062,2018-03-15 21:00:00
2063,2018-03-15 21:00:00
2064,2018-03-15 21:00:00
2065,2018-03-15 21:00:00
2066,2018-03-15 21:00:00
2067,2018-03-15 21:00:00
2068,2018-03-15 21:00:00
2069,2018-03-15 21:00:00
2070,2018-03-15 21:00:00
2071,2018-03-15 21:00:00
2072,2018-03-15 21:00:00
2073,2018-03-15 21:00:00
2074,2018-03-15 21:00:00
2075,2018-03-15 21:00:00
2076,2018-03-15 21:00:00
2077,2018-03-15 21:00:00
2078,2018-03-15 21:00:00
2079,2018-03-15 21:00:00
2080,2018-03-15 21:00:00
2081,2018-03-15 21:00:00
2082,2018-03-15 21:00:00
2083,2018-03-15 21:00:00
2084,2018-03-15 21:00:00
2085,2018-03-15 21:00:00
2086,2018-03-15 21:00:00
2087,2018-03-15 21:00:00
2088,2018-03-15 21:00:00
2089,2018-03-15 21:00:00
2090,2018-03-15 21:00:00
2091,2018-03-15 21:00:00
2092,2018-03-15 21:00:00
2093,2018-03-15 21:00:00
2094,2018-03-15 21:00:00
2095,2018-03-15 21:00:00
2096,2018-03-15 21:00:00
2097,2018-03-15 21:00:00
2098,2018-03-15 21:00:00
2099,2018-03-15 21:00:00
2100,2018-03-15 21:00:00
2101,2018-03-15 21:00:00
2102,2018-03-15 21:00:00
2103,2018-03-15 21:00:00
2104,2018-03-15 21:00:00
2105,2018-03-15 21:00:00
2106,2018-03-15 21:00:00
2107,2018-03-15 21:00:00
2108,2018-03-15 21:00:00
2109,2018-03-15 21:00:00
2110,2018-03-15 21:00:00
2111,2018-03-15 21:00:00
2112,2018-03-15 21:00:00
2113,2018-03-15 21:00:00
2114,2018-03-15 21:00:00
2115,2018-03-15 21:00:00
2116,2018-03-15 21:00:00
2117,2018-03-15 21:00:00
2118,2018-03-15 21:00:00
2119,2018-03-15 21:00:00
2120,2018-03-15 21:00:00
2121,2018-03-15 21:00:00
2122,2018-03-15 21:00:00
2123,2018-03-15 21:00:00
2124,2018-03-15 21:00:00
2125,2018-03-15 21:00:00
2126,2018-03-15 21:00:00
2127,2018-03-15 21:00:00
2128,2018-03-15 21:00:00
2129,2018-03-15 21:00:00
2130,2018-03-15 21:00:00
2131,2018-03-15 21:00:00
2132,2018-03-15 21:00:00
2133,2018-03-15 21:00:00
2134,2018-03-15 21:00:00
2135,2018-03-15 21:00:00
2136,2018-03-15 21:00:00
2137,2018-03-15 21:00:00
2138,2018-03-15 21:00:00
2139,2018-03-15 21:00:00
2140,2018-03-15 21:00:00
2141,2018-03-15 21:00:00
2142,2018-03-15 21:00:00
2242,2018-04-10 00:00:00
2243,2018-04-10 01:00:00
2244,2018-04-10 02:00:00
2245,2018-04-10 03:00:00
2246,2018-04-10 04:00:00
2247,2018-04-10 05:00:00
2248,2018-04-10 06:00:00
2249,2018-04-10 07:00:00
2250,2018-04-10 08:00:00
2251,2018-04-10 09:00:00
2252,2018-04-10 10:00:00
2253,2018-04-10 11:00:00
2254,2018-04-10 12:00:00
2255,2018-04-10 13:00:00
2256,2018-04-10 14:00:00
2257,2018-04-10 15:00:00
2258,2018-04-10 16:00:00
2259,2018-04-10 17:00:00
2260,2018-04-10 18:00:00
2261,2018-04-10 19:00:00
2262,2018-04-10 20:00:00
2263,2018-04-10 21:00:00
2264,2018-04-10 22:00:00
2265,2018-04-10 23:00:00
2266,2018-04-11 00:00:00
2267,2018-04-11 01:00:00
2268,2018-04-11 02:00:00
2269,2018-04-11 03:00:00
2270,2018-04-11 04:00:00
2271,2018-04-11 05:00:00
2272,2018-04-11 06:00:00
2273,2018-04-11 07:00:00
2274,2018-04-11 08:00:00
2275,2018-04-11 09:00:00
2276,2018-04-11 10:00:00
2277,2018-04-11 11:00:00
2278,2018-04-11 12:00:00
2279,2018-04-11 13:00:00
2280,2018-04-11 14:00:00
2281,2018-04-11 15:00:00
2282,2018-04-11 16:00:00
2283,2018-04-11 17:00:00
2284,2018-04-11 18:00:00
2285,2018-04-11 19:00:00
2286,2018-04-11 20:00:00
2287,2018-04-11 21:00:00
2288,2018-04-11 22:00:00
2289,2018-04-11 23:00:00
2290,2018-04-12 00:00:00
2291,2018-04-12 01:00:00
2292,2018-04-12 02:00:00
2293,2018-04-12 03:00:00
2294,2018-04-12 04:00:00
2295,2018-04-12 05:00:00
2296,2018-04-12 06:00:00
2297,2018-04-12 07:00:00
2298,2018-04-12 08:00:00
2299,2018-04-12 09:00:00
2300,2018-04-12 10:00:00
2301,2018-04-12 11:00:00
2302,2018-04-12 12:00:00
2303,2018-04-12 13:00:00
2304,2018-04-12 14:00:00
2305,2018-04-12 15:00:00
2306,2018-04-12 16:00:00
2307,2018-04-12 17:00:00
2308,2018-04-12 18:00:00
2309,2018-04-12 19:00:00
2310,2018-04-12 20:00:00
2311,2018-04-12 21:00:00
2312,2018-04-12 22:00:00
2313,2018-04-12 23:00:00
2368,2018-04-14 00:00:00
2369,2018-04-14 01:00:00
2370,2018-04-14 02:00:00
2371,2018-04-14 03:00:00
2372,2018-04-14 04:00:00
2373,2018-04-14 05:00:00
2374,2018-04-14 06:00:00
2375,2018-04-14 07:00:00
2376,2018-04-14 08:00:00
2377,2018-04-14 09:00:00
2378,2018-04-14 10:00:00
2379,2018-04-14 11:00:00
2380,2018-04-14 12:00:00
2381,2018-04-14 13:00:00
2382,2018-04-14 14:00:00
2383,2018-04-14 15:00:00
2384,2018-04-14 16:00:00
2385,2018-04-14 17:00:00
2386,2018-04-14 18:00:00
2387,2018-04-14 19:00:00
2388,2018-04-14 20:00:00
2389,2018-04-14 21:00:00
2390,2018-04-14 22:00:00
2391,2018-04-14 23:00:00
2392,2018-04-15 00:00:00
2393,2018-04-15 01:00:00
2394,2018-04-15 02:00:00
2395,2018-04-15 03:00:00
2396,2018-04-15 04:00:00
2397,2018-04-15 05:00:00
2398,2018-04-15 06:00:00
2399,2018-04-15 07:00:00
2400,2018-04-15 08:00:00
2401,2018-04-15 09:00:00
2402,2018-04-15 10:00:00
2403,2018-04-15 11:00:00
2404,2018-04-15 12:00:00
2405,2018-04-15 13:00:00
2406,2018-04-15 14:00:00
2407,2018-04-15 15:00:00
2408,2018-04-15 16:00:00
2409,2018-04-15 17:00:00
2410,2018-04-15 18:00:00
2411,2018-04-15 19:00:00
2412,2018-04-15 20:00:00
2413,2018-04-15 21:00:00
2414,2018-04-15 22:00:00
2415,2018-04-15 23:00:00
2779,2018-04-29 00:00:00
2780,2018-04-29 01:00:00
2781,2018-04-29 02:00:00
2782,2018-04-29 03:00:00
2783,2018-04-29 04:00:00
2784,2018-04-29 05:00:00
2785,2018-04-29 06:00:00
2786,2018-04-29 07:00:00
2787,2018-04-29 08:00:00
2788,2018-04-29 09:00:00
2789,2018-04-29 10:00:00
2790,2018-04-29 11:00:00
2791,2018-04-29 12:00:00
2792,2018-04-29 13:00:00
2793,2018-04-29 14:00:00
2794,2018-04-29 15:00:00
2795,2018-04-29 16:00:00
2796,2018-04-29 17:00:00
2797,2018-04-29 18:00:00
2798,2018-04-29 19:00:00
2799,2018-04-29 20:00:00
2800,2018-04-29 21:00:00
2801,2018-04-29 22:00:00
2802,2018-04-29 23:00:00
2803,2018-04-30 00:00:00
2804,2018-04-30 01:00:00
2805,2018-04-30 02:00:00
2806,2018-04-30 03:00:00
2807,2018-04-30 04:00:00
2808,2018-04-30 05:00:00
2809,2018-04-30 06:00:00
2810,2018-04-30 07:00:00
2811,2018-04-30 08:00:00
2812,2018-04-30 09:00:00
2813,2018-04-30 10:00:00
2814,2018-04-30 11:00:00
2815,2018-04-30 12:00:00
2816,2018-04-30 13:00:00
2817,2018-04-30 14:00:00
2818,2018-04-30 15:00:00
2819,2018-04-30 16:00:00
2820,2018-04-30 17:00:00
2821,2018-04-30 18:00:00
2822,2018-04-30 19:00:00
2823,2018-04-30 20:00:00
2824,2018-04-30 21:00:00
2825,2018-04-30 22:00:00
2826,2018-04-30 23:00:00
2827,2018-05-01 00:00:00
2828,2018-05-01 01:00:00
2829,2018-05-01 02:00:00
2830,2018-05-01 03:00:00
2831,2018-05-01 04:00:00
2832,2018-05-01 05:00:00
2833,2018-05-01 06:00:00
2834,2018-05-01 07:00:00
2835,2018-05-01 08:00:00
2836,2018-05-01 09:00:00
2837,2018-05-01 10:00:00
2838,2018-05-01 11:00:00
2839,2018-05-01 12:00:00
2840,2018-05-01 13:00:00
2841,2018-05-01 14:00:00
2842,2018-05-01 15:00:00
2843,2018-05-01 16:00:00
2844,2018-05-01 17:00:00
2845,2018-05-01 18:00:00
2846,2018-05-01 19:00:00
2847,2018-05-01 20:00:00
2848,2018-05-01 21:00:00
2849,2018-05-01 22:00:00
2850,2018-05-01 23:00:00
3121,2018-05-13 00:00:00
3122,2018-05-13 01:00:00
3123,2018-05-13 02:00:00
3124,2018-05-13 03:00:00
3125,2018-05-13 04:00:00
3126,2018-05-13 05:00:00
3127,2018-05-13 06:00:00
3128,2018-05-13 07:00:00
3129,2018-05-13 08:00:00
3130,2018-05-13 09:00:00
3131,2018-05-13 10:00:00
3132,2018-05-13 11:00:00
3133,2018-05-13 12:00:00
3134,2018-05-13 13:00:00
3135,2018-05-13 14:00:00
3136,2018-05-13 15:00:00
3137,2018-05-13 16:00:00
3138,2018-05-13 17:00:00
3139,2018-05-13 18:00:00
3140,2018-05-13 19:00:00
3141,2018-05-13 20:00:00
3142,2018-05-13 21:00:00
3143,2018-05-13 22:00:00
3144,2018-05-13 23:00:00
3337,2018-05-22 00:00:00
3338,2018-05-22 01:00:00
3339,2018-05-22 02:00:00
3340,2018-05-22 03:00:00
3341,2018-05-22 04:00:00
3342,2018-05-22 05:00:00
3343,2018-05-22 06:00:00
3344,2018-05-22 07:00:00
3345,2018-05-22 08:00:00
3346,2018-05-22 09:00:00
3347,2018-05-22 10:00:00
3348,2018-05-22 11:00:00
3349,2018-05-22 12:00:00
3350,2018-05-22 13:00:00
3351,2018-05-22 14:00:00
3352,2018-05-22 15:00:00
3353,2018-05-22 16:00:00
3354,2018-05-22 17:00:00
3355,2018-05-22 18:00:00
3356,2018-05-22 19:00:00
3357,2018-05-22 20:00:00
3358,2018-05-22 21:00:00
3359,2018-05-22 22:00:00
3360,2018-05-22 23:00:00
3361,2018-05-23 00:00:00
3362,2018-05-23 01:00:00
3363,2018-05-23 02:00:00
3364,2018-05-23 03:00:00
3365,2018-05-23 04:00:00
3366,2018-05-23 05:00:00
3367,2018-05-23 06:00:00
3368,2018-05-23 07:00:00
3369,2018-05-23 08:00:00
3370,2018-05-23 09:00:00
3371,2018-05-23 10:00:00
3372,2018-05-23 11:00:00
3373,2018-05-23 12:00:00
3374,2018-05-23 13:00:00
3375,2018-05-23 14:00:00
3376,2018-05-23 15:00:00
3377,2018-05-23 16:00:00
3378,2018-05-23 17:00:00
3379,2018-05-23 18:00:00
3380,2018-05-23 19:00:00
3381,2018-05-23 20:00:00
3382,2018-05-23 21:00:00
3383,2018-05-23 22:00:00
3384,2018-05-23 23:00:00
3457,2018-05-27 00:00:00
3458,2018-05-27 01:00:00
3459,2018-05-27 02:00:00
3460,2018-05-27 03:00:00
3461,2018-05-27 04:00:00
3462,2018-05-27 05:00:00
3463,2018-05-27 06:00:00
3464,2018-05-27 07:00:00
3465,2018-05-27 08:00:00
3466,2018-05-27 09:00:00
3467,2018-05-27 10:00:00
3468,2018-05-27 11:00:00
3469,2018-05-27 12:00:00
3470,2018-05-27 13:00:00
3471,2018-05-27 14:00:00
3472,2018-05-27 15:00:00
3473,2018-05-27 16:00:00
3474,2018-05-27 17:00:00
3475,2018-05-27 18:00:00
3476,2018-05-27 19:00:00
3477,2018-05-27 20:00:00
3478,2018-05-27 21:00:00
3479,2018-05-27 22:00:00
3480,2018-05-27 23:00:00
3505,2018-05-29 00:00:00
3506,2018-05-29 01:00:00
3507,2018-05-29 02:00:00
3508,2018-05-29 03:00:00
3509,2018-05-29 04:00:00
3510,2018-05-29 05:00:00
3511,2018-05-29 06:00:00
3512,2018-05-29 07:00:00
3513,2018-05-29 08:00:00
3514,2018-05-29 09:00:00
3515,2018-05-29 10:00:00
3516,2018-05-29 11:00:00
3517,2018-05-29 12:00:00
3518,2018-05-29 13:00:00
3519,2018-05-29 14:00:00
3520,2018-05-29 15:00:00
3521,2018-05-29 16:00:00
3522,2018-05-29 17:00:00
3523,2018-05-29 18:00:00
3524,2018-05-29 19:00:00
3525,2018-05-29 20:00:00
3526,2018-05-29 21:00:00
3527,2018-05-29 22:00:00
3528,2018-05-29 23:00:00
3553,2018-05-31 00:00:00
3554,2018-05-31 01:00:00
3555,2018-05-31 02:00:00
3556,2018-05-31 03:00:00
3557,2018-05-31 04:00:00
3558,2018-05-31 05:00:00
3559,2018-05-31 06:00:00
3560,2018-05-31 07:00:00
3561,2018-05-31 08:00:00
3562,2018-05-31 09:00:00
3563,2018-05-31 10:00:00
3564,2018-05-31 11:00:00
3565,2018-05-31 12:00:00
3566,2018-05-31 13:00:00
3567,2018-05-31 14:00:00
3568,2018-05-31 15:00:00
3569,2018-05-31 16:00:00
3570,2018-05-31 17:00:00
3571,2018-05-31 18:00:00
3572,2018-05-31 19:00:00
3573,2018-05-31 20:00:00
3574,2018-05-31 21:00:00
3575,2018-05-31 22:00:00
3576,2018-05-31 23:00:00
4513,2018-07-10 00:00:00
4514,2018-07-10 01:00:00
4515,2018-07-10 02:00:00
4516,2018-07-10 03:00:00
4517,2018-07-10 04:00:00
4518,2018-07-10 05:00:00
4519,2018-07-10 06:00:00
4520,2018-07-10 07:00:00
4521,2018-07-10 08:00:00
4522,2018-07-10 09:00:00
4523,2018-07-10 10:00:00
4524,2018-07-10 11:00:00
4525,2018-07-10 12:00:00
4526,2018-07-10 13:00:00
4527,2018-07-10 14:00:00
4528,2018-07-10 15:00:00
4529,2018-07-10 16:00:00
4530,2018-07-10 17:00:00
4531,2018-07-10 18:00:00
4532,2018-07-10 19:00:00
4533,2018-07-10 20:00:00
4534,2018-07-10 21:00:00
4535,2018-07-10 22:00:00
4536,2018-07-10 23:00:00
4537,2018-07-10 23:00:00
4538,2018-07-10 23:00:00
4539,2018-07-10 23:00:00
4947,2018-07-28 00:00:00
4948,2018-07-28 01:00:00
4949,2018-07-28 02:00:00
4950,2018-07-28 03:00:00
4951,2018-07-28 04:00:00
4952,2018-07-28 05:00:00
4953,2018-07-28 06:00:00
4954,2018-07-28 07:00:00
4955,2018-07-28 08:00:00
4956,2018-07-28 09:00:00
4957,2018-07-28 10:00:00
4958,2018-07-28 11:00:00
4959,2018-07-28 12:00:00
4960,2018-07-28 13:00:00
4961,2018-07-28 14:00:00
4962,2018-07-28 15:00:00
4963,2018-07-28 16:00:00
4964,2018-07-28 17:00:00
4965,2018-07-28 18:00:00
4966,2018-07-28 19:00:00
4967,2018-07-28 20:00:00
4968,2018-07-28 21:00:00
4969,2018-07-28 22:00:00
4970,2018-07-28 23:00:00
5211,2018-08-08 00:00:00
5212,2018-08-08 01:00:00
5213,2018-08-08 02:00:00
5214,2018-08-08 03:00:00
5215,2018-08-08 04:00:00
5216,2018-08-08 05:00:00
5217,2018-08-08 06:00:00
5218,2018-08-08 07:00:00
5219,2018-08-08 08:00:00
5220,2018-08-08 09:00:00
5221,2018-08-08 10:00:00
5222,2018-08-08 11:00:00
5223,2018-08-08 12:00:00
5224,2018-08-08 13:00:00
5225,2018-08-08 14:00:00
5226,2018-08-08 15:00:00
5227,2018-08-08 16:00:00
5228,2018-08-08 17:00:00
5229,2018-08-08 18:00:00
5230,2018-08-08 19:00:00
5231,2018-08-08 20:00:00
5232,2018-08-08 21:00:00
5233,2018-08-08 22:00:00
5234,2018-08-08 23:00:00
5235,2018-08-09 00:00:00
5236,2018-08-09 01:00:00
5237,2018-08-09 02:00:00
5238,2018-08-09 03:00:00
5239,2018-08-09 04:00:00
5240,2018-08-09 05:00:00
5241,2018-08-09 06:00:00
5242,2018-08-09 07:00:00
5243,2018-08-09 08:00:00
5244,2018-08-09 09:00:00
5245,2018-08-09 10:00:00
5246,2018-08-09 11:00:00
5247,2018-08-09 12:00:00
5248,2018-08-09 13:00:00
5249,2018-08-09 14:00:00
5250,2018-08-09 15:00:00
5251,2018-08-09 16:00:00
5252,2018-08-09 17:00:00
5253,2018-08-09 18:00:00
5254,2018-08-09 19:00:00
5255,2018-08-09 20:00:00
5256,2018-08-09 21:00:00
5257,2018-08-09 22:00:00
5258,2018-08-09 23:00:00
5283,2018-08-11 00:00:00
5284,2018-08-11 01:00:00
5285,2018-08-11 02:00:00
5286,2018-08-11 03:00:00
5287,2018-08-11 04:00:00
5288,2018-08-11 05:00:00
5289,2018-08-11 06:00:00
5290,2018-08-11 07:00:00
5291,2018-08-11 08:00:00
5292,2018-08-11 09:00:00
5293,2018-08-11 10:00:00
5294,2018-08-11 11:00:00
5295,2018-08-11 12:00:00
5296,2018-08-11 13:00:00
5297,2018-08-11 14:00:00
5298,2018-08-11 15:00:00
5299,2018-08-11 16:00:00
5300,2018-08-11 17:00:00
5301,2018-08-11 18:00:00
5302,2018-08-11 19:00:00
5303,2018-08-11 20:00:00
5304,2018-08-11 21:00:00
5305,2018-08-11 22:00:00
5306,2018-08-11 23:00:00
5331,2018-08-13 00:00:00
5332,2018-08-13 01:00:00
5333,2018-08-13 02:00:00
5334,2018-08-13 03:00:00
5335,2018-08-13 04:00:00
5336,2018-08-13 05:00:00
5337,2018-08-13 06:00:00
5338,2018-08-13 07:00:00
5339,2018-08-13 08:00:00
5340,2018-08-13 09:00:00
5341,2018-08-13 10:00:00
5342,2018-08-13 11:00:00
5343,2018-08-13 12:00:00
5344,2018-08-13 13:00:00
5345,2018-08-13 14:00:00
5346,2018-08-13 15:00:00
5347,2018-08-13 16:00:00
5348,2018-08-13 17:00:00
5349,2018-08-13 18:00:00
5350,2018-08-13 19:00:00
5351,2018-08-13 20:00:00
5352,2018-08-13 21:00:00
5353,2018-08-13 22:00:00
5354,2018-08-13 23:00:00
5427,2018-08-17 00:00:00
5428,2018-08-17 01:00:00
5429,2018-08-17 02:00:00
5430,2018-08-17 03:00:00
5431,2018-08-17 04:00:00
5432,2018-08-17 05:00:00
5433,2018-08-17 06:00:00
5434,2018-08-17 07:00:00
5435,2018-08-17 08:00:00
5436,2018-08-17 09:00:00
5437,2018-08-17 10:00:00
5438,2018-08-17 11:00:00
5439,2018-08-17 12:00:00
5440,2018-08-17 13:00:00
5441,2018-08-17 14:00:00
5442,2018-08-17 15:00:00
5443,2018-08-17 16:00:00
5444,2018-08-17 17:00:00
5445,2018-08-17 18:00:00
5446,2018-08-17 19:00:00
5447,2018-08-17 20:00:00
5448,2018-08-17 21:00:00
5449,2018-08-17 22:00:00
5450,2018-08-17 23:00:00
5625,2018-08-25 00:00:00
5626,2018-08-25 01:00:00
5627,2018-08-25 02:00:00
5628,2018-08-25 03:00:00
5629,2018-08-25 04:00:00
5630,2018-08-25 05:00:00
5631,2018-08-25 06:00:00
5632,2018-08-25 07:00:00
5633,2018-08-25 08:00:00
5634,2018-08-25 09:00:00
5635,2018-08-25 10:00:00
5636,2018-08-25 11:00:00
5637,2018-08-25 12:00:00
5638,2018-08-25 13:00:00
5639,2018-08-25 14:00:00
5640,2018-08-25 15:00:00
5641,2018-08-25 16:00:00
5642,2018-08-25 17:00:00
5643,2018-08-25 18:00:00
5644,2018-08-25 19:00:00
5645,2018-08-25 20:00:00
5646,2018-08-25 21:00:00
5647,2018-08-25 22:00:00
5648,2018-08-25 23:00:00
5649,2018-08-26 00:00:00
5650,2018-08-26 01:00:00
5651,2018-08-26 02:00:00
5652,2018-08-26 03:00:00
5653,2018-08-26 04:00:00
5654,2018-08-26 05:00:00
5655,2018-08-26 06:00:00
5656,2018-08-26 07:00:00
5657,2018-08-26 08:00:00
5658,2018-08-26 09:00:00
5659,2018-08-26 10:00:00
5660,2018-08-26 11:00:00
5661,2018-08-26 12:00:00
5662,2018-08-26 13:00:00
5663,2018-08-26 14:00:00
5664,2018-08-26 15:00:00
5665,2018-08-26 16:00:00
5666,2018-08-26 17:00:00
5667,2018-08-26 18:00:00
5668,2018-08-26 19:00:00
5669,2018-08-26 20:00:00
5670,2018-08-26 21:00:00
5671,2018-08-26 22:00:00
5672,2018-08-26 23:00:00
5721,2018-08-29 00:00:00
5722,2018-08-29 01:00:00
5723,2018-08-29 02:00:00
5724,2018-08-29 03:00:00
5725,2018-08-29 04:00:00
5726,2018-08-29 05:00:00
5727,2018-08-29 06:00:00
5728,2018-08-29 07:00:00
5729,2018-08-29 08:00:00
5730,2018-08-29 09:00:00
5731,2018-08-29 10:00:00
5732,2018-08-29 11:00:00
5733,2018-08-29 12:00:00
5734,2018-08-29 13:00:00
5735,2018-08-29 14:00:00
5736,2018-08-29 15:00:00
5737,2018-08-29 16:00:00
5738,2018-08-29 17:00:00
5739,2018-08-29 18:00:00
5740,2018-08-29 19:00:00
5741,2018-08-29 20:00:00
5742,2018-08-29 21:00:00
5743,2018-08-29 22:00:00
5744,2018-08-29 23:00:00
5841,2018-09-03 00:00:00
5842,2018-09-03 01:00:00
5843,2018-09-03 02:00:00
5844,2018-09-03 03:00:00
5845,2018-09-03 04:00:00
5846,2018-09-03 05:00:00
5847,2018-09-03 06:00:00
5848,2018-09-03 07:00:00
5849,2018-09-03 08:00:00
5850,2018-09-03 09:00:00
5851,2018-09-03 10:00:00
5852,2018-09-03 11:00:00
5853,2018-09-03 12:00:00
5854,2018-09-03 13:00:00
5855,2018-09-03 14:00:00
5856,2018-09-03 15:00:00
5857,2018-09-03 16:00:00
5858,2018-09-03 17:00:00
5859,2018-09-03 18:00:00
5860,2018-09-03 19:00:00
5861,2018-09-03 20:00:00
5862,2018-09-03 21:00:00
5863,2018-09-03 22:00:00
5864,2018-09-03 23:00:00
5889,2018-09-05 00:00:00
5890,2018-09-05 01:00:00
5891,2018-09-05 02:00:00
5892,2018-09-05 03:00:00
5893,2018-09-05 04:00:00
5894,2018-09-05 05:00:00
5895,2018-09-05 06:00:00
5896,2018-09-05 07:00:00
5897,2018-09-05 08:00:00
5898,2018-09-05 09:00:00
5899,2018-09-05 10:00:00
5900,2018-09-05 11:00:00
5901,2018-09-05 12:00:00
5902,2018-09-05 13:00:00
5903,2018-09-05 14:00:00
5904,2018-09-05 15:00:00
5905,2018-09-05 16:00:00
5906,2018-09-05 17:00:00
5907,2018-09-05 18:00:00
5908,2018-09-05 19:00:00
5909,2018-09-05 20:00:00
5910,2018-09-05 21:00:00
5911,2018-09-05 22:00:00
5912,2018-09-05 23:00:00
5913,2018-09-06 00:00:00
5914,2018-09-06 01:00:00
5915,2018-09-06 02:00:00
5916,2018-09-06 03:00:00
5917,2018-09-06 04:00:00
5918,2018-09-06 05:00:00
5919,2018-09-06 06:00:00
5920,2018-09-06 07:00:00
5921,2018-09-06 08:00:00
5922,2018-09-06 09:00:00
5923,2018-09-06 10:00:00
5924,2018-09-06 11:00:00
5925,2018-09-06 12:00:00
5926,2018-09-06 13:00:00
5927,2018-09-06 14:00:00
5928,2018-09-06 15:00:00
5929,2018-09-06 16:00:00
5930,2018-09-06 17:00:00
5931,2018-09-06 18:00:00
5932,2018-09-06 19:00:00
5933,2018-09-06 20:00:00
5934,2018-09-06 21:00:00
5935,2018-09-06 22:00:00
5936,2018-09-06 23:00:00
6057,2018-09-12 00:00:00
6058,2018-09-12 01:00:00
6059,2018-09-12 02:00:00
6060,2018-09-12 03:00:00
6061,2018-09-12 04:00:00
6062,2018-09-12 05:00:00
6063,2018-09-12 06:00:00
6064,2018-09-12 07:00:00
6065,2018-09-12 08:00:00
6066,2018-09-12 09:00:00
6067,2018-09-12 10:00:00
6068,2018-09-12 11:00:00
6069,2018-09-12 11:00:00
6070,2018-09-12 11:00:00
6071,2018-09-12 11:00:00
6072,2018-09-12 11:00:00
6073,2018-09-12 11:00:00
6074,2018-09-12 11:00:00
6075,2018-09-12 11:00:00
6076,2018-09-12 11:00:00
6077,2018-09-12 11:00:00
6078,2018-09-12 11:00:00
6079,2018-09-12 11:00:00
6080,2018-09-12 11:00:00
6081,2018-09-12 11:00:00
6082,2018-09-12 11:00:00
6083,2018-09-12 11:00:00
6084,2018-09-12 15:00:00
6085,2018-09-12 16:00:00
6086,2018-09-12 17:00:00
6087,2018-09-12 18:00:00
6088,2018-09-12 19:00:00
6089,2018-09-12 20:00:00
6090,2018-09-12 21:00:00
6091,2018-09-12 22:00:00
6092,2018-09-12 23:00:00
6285,2018-09-21 00:00:00
6286,2018-09-21 01:00:00
6287,2018-09-21 02:00:00
6288,2018-09-21 03:00:00
6289,2018-09-21 04:00:00
6290,2018-09-21 05:00:00
6291,2018-09-21 06:00:00
6292,2018-09-21 07:00:00
6293,2018-09-21 08:00:00
6294,2018-09-21 09:00:00
6295,2018-09-21 10:00:00
6296,2018-09-21 11:00:00
6297,2018-09-21 12:00:00
6298,2018-09-21 13:00:00
6299,2018-09-21 14:00:00
6300,2018-09-21 15:00:00
6301,2018-09-21 16:00:00
6302,2018-09-21 17:00:00
6303,2018-09-21 18:00:00
6304,2018-09-21 19:00:00
6305,2018-09-21 20:00:00
6306,2018-09-21 21:00:00
6307,2018-09-21 22:00:00
6308,2018-09-21 23:00:00
6333,2018-09-23 00:00:00
6334,2018-09-23 01:00:00
6335,2018-09-23 02:00:00
6336,2018-09-23 03:00:00
6337,2018-09-23 04:00:00
6338,2018-09-23 05:00:00
6339,2018-09-23 06:00:00
6340,2018-09-23 07:00:00
6341,2018-09-23 08:00:00
6342,2018-09-23 09:00:00
6343,2018-09-23 10:00:00
6344,2018-09-23 11:00:00
6345,2018-09-23 12:00:00
6346,2018-09-23 13:00:00
6347,2018-09-23 14:00:00
6348,2018-09-23 15:00:00
6349,2018-09-23 16:00:00
6350,2018-09-23 17:00:00
6351,2018-09-23 18:00:00
6352,2018-09-23 19:00:00
6353,2018-09-23 20:00:00
6354,2018-09-23 21:00:00
6355,2018-09-23 22:00:00
6356,2018-09-23 23:00:00
7125,2018-10-26 00:00:00
7126,2018-10-26 01:00:00
7127,2018-10-26 02:00:00
7128,2018-10-26 03:00:00
7129,2018-10-26 04:00:00
7130,2018-10-26 05:00:00
7131,2018-10-26 06:00:00
7132,2018-10-26 07:00:00
7133,2018-10-26 08:00:00
7134,2018-10-26 09:00:00
7135,2018-10-26 10:00:00
7136,2018-10-26 11:00:00
7137,2018-10-26 12:00:00
7138,2018-10-26 13:00:00
7139,2018-10-26 14:00:00
7140,2018-10-26 15:00:00
7141,2018-10-26 16:00:00
7142,2018-10-26 17:00:00
7143,2018-10-26 18:00:00
7144,2018-10-26 19:00:00
7145,2018-10-26 20:00:00
7146,2018-10-26 21:00:00
7147,2018-10-26 22:00:00
7148,2018-10-26 23:00:00
7221,2018-10-30 00:00:00
7222,2018-10-30 01:00:00
7223,2018-10-30 02:00:00
7224,2018-10-30 03:00:00
7225,2018-10-30 04:00:00
7226,2018-10-30 05:00:00
7227,2018-10-30 06:00:00
7228,2018-10-30 07:00:00
7229,2018-10-30 08:00:00
7230,2018-10-30 09:00:00
7231,2018-10-30 10:00:00
7232,2018-10-30 11:00:00
7233,2018-10-30 12:00:00
7234,2018-10-30 13:00:00
7235,2018-10-30 14:00:00
7236,2018-10-30 15:00:00
7237,2018-10-30 16:00:00
7238,2018-10-30 17:00:00
7239,2018-10-30 18:00:00
7240,2018-10-30 19:00:00
7241,2018-10-30 20:00:00
7242,2018-10-30 21:00:00
7243,2018-10-30 22:00:00
7244,2018-10-30 23:00:00
7541,2018-11-10 00:00:00
7542,2018-11-10 01:00:00
7543,2018-11-10 02:00:00
7544,2018-11-10 03:00:00
7545,2018-11-10 04:00:00
7546,2018-11-10 05:00:00
7547,2018-11-10 06:00:00
7548,2018-11-10 07:00:00
7549,2018-11-10 08:00:00
7550,2018-11-10 09:00:00
7551,2018-11-10 10:00:00
7552,2018-11-10 11:00:00
7553,2018-11-10 12:00:00
7554,2018-11-10 13:00:00
7555,2018-11-10 14:00:00
7556,2018-11-10 15:00:00
7557,2018-11-10 16:00:00
7558,2018-11-10 17:00:00
7559,2018-11-10 18:00:00
7560,2018-11-10 19:00:00
7561,2018-11-10 20:00:00
7562,2018-11-10 21:00:00
7563,2018-11-10 22:00:00
7564,2018-11-10 23:00:00
7565,2018-11-11 00:00:00
7566,2018-11-11 01:00:00
7567,2018-11-11 02:00:00
7568,2018-11-11 03:00:00
7569,2018-11-11 04:00:00
7570,2018-11-11 05:00:00
7571,2018-11-11 06:00:00
7572,2018-11-11 07:00:00
7573,2018-11-11 08:00:00
7574,2018-11-11 09:00:00
7575,2018-11-11 10:00:00
7576,2018-11-11 11:00:00
7577,2018-11-11 12:00:00
7578,2018-11-11 13:00:00
7579,2018-11-11 14:00:00
7580,2018-11-11 15:00:00
7581,2018-11-11 16:00:00
7582,2018-11-11 17:00:00
7583,2018-11-11 18:00:00
7584,2018-11-11 19:00:00
7585,2018-11-11 20:00:00
7586,2018-11-11 21:00:00
7587,2018-11-11 22:00:00
7588,2018-11-11 23:00:00
7589,2018-11-12 00:00:00
7590,2018-11-12 01:00:00
7591,2018-11-12 02:00:00
7592,2018-11-12 03:00:00
7593,2018-11-12 04:00:00
7594,2018-11-12 05:00:00
7595,2018-11-12 06:00:00
7596,2018-11-12 07:00:00
7597,2018-11-12 08:00:00
7598,2018-11-12 09:00:00
7599,2018-11-12 10:00:00
7600,2018-11-12 11:00:00
7601,2018-11-12 12:00:00
7602,2018-11-12 13:00:00
7603,2018-11-12 14:00:00
7604,2018-11-12 15:00:00
7605,2018-11-12 16:00:00
7606,2018-11-12 17:00:00
7607,2018-11-12 18:00:00
7608,2018-11-12 19:00:00
7609,2018-11-12 20:00:00
7610,2018-11-12 21:00:00
7611,2018-11-12 22:00:00
7612,2018-11-12 23:00:00
8069,2018-12-02 00:00:00
8070,2018-12-02 01:00:00
8071,2018-12-02 02:00:00
8072,2018-12-02 03:00:00
8073,2018-12-02 04:00:00
8074,2018-12-02 05:00:00
8075,2018-12-02 06:00:00
8076,2018-12-02 07:00:00
8077,2018-12-02 08:00:00
8078,2018-12-02 09:00:00
8079,2018-12-02 10:00:00
8080,2018-12-02 11:00:00
8081,2018-12-02 12:00:00
8082,2018-12-02 13:00:00
8083,2018-12-02 14:00:00
8084,2018-12-02 15:00:00
8085,2018-12-02 16:00:00
8086,2018-12-02 17:00:00
8087,2018-12-02 18:00:00
8088,2018-12-02 19:00:00
8089,2018-12-02 20:00:00
8090,2018-12-02 21:00:00
8091,2018-12-02 22:00:00
8092,2018-12-02 23:00:00
8189,2018-12-07 00:00:00
8190,2018-12-07 01:00:00
8191,2018-12-07 02:00:00
8192,2018-12-07 03:00:00
8193,2018-12-07 04:00:00
8194,2018-12-07 05:00:00
8195,2018-12-07 06:00:00
8196,2018-12-07 07:00:00
8197,2018-12-07 08:00:00
8198,2018-12-07 09:00:00
8199,2018-12-07 10:00:00
8200,2018-12-07 11:00:00
8201,2018-12-07 12:00:00
8202,2018-12-07 13:00:00
8203,2018-12-07 14:00:00
8204,2018-12-07 15:00:00
8205,2018-12-07 16:00:00
8206,2018-12-07 17:00:00
8207,2018-12-07 18:00:00
8208,2018-12-07 19:00:00
8209,2018-12-07 20:00:00
8210,2018-12-07 21:00:00
8211,2018-12-07 22:00:00
8212,2018-12-07 23:00:00
8213,2018-12-08 00:00:00
8214,2018-12-08 01:00:00
8215,2018-12-08 02:00:00
8216,2018-12-08 03:00:00
8217,2018-12-08 04:00:00
8218,2018-12-08 05:00:00
8219,2018-12-08 06:00:00
8220,2018-12-08 07:00:00
8221,2018-12-08 08:00:00
8222,2018-12-08 09:00:00
8223,2018-12-08 10:00:00
8224,2018-12-08 11:00:00
8225,2018-12-08 12:00:00
8226,2018-12-08 13:00:00
8227,2018-12-08 14:00:00
8228,2018-12-08 15:00:00
8229,2018-12-08 16:00:00
8230,2018-12-08 17:00:00
8231,2018-12-08 18:00:00
8232,2018-12-08 19:00:00
8233,2018-12-08 20:00:00
8234,2018-12-08 21:00:00
8235,2018-12-08 22:00:00
8236,2018-12-08 23:00:00
8405,2018-12-16 00:00:00
8406,2018-12-16 01:00:00
8407,2018-12-16 02:00:00
8408,2018-12-16 03:00:00
8409,2018-12-16 04:00:00
8410,2018-12-16 05:00:00
8411,2018-12-16 06:00:00
8412,2018-12-16 07:00:00
8413,2018-12-16 08:00:00
8414,2018-12-16 09:00:00
8415,2018-12-16 10:00:00
8416,2018-12-16 11:00:00
8417,2018-12-16 12:00:00
8418,2018-12-16 13:00:00
8419,2018-12-16 14:00:00
8420,2018-12-16 15:00:00
8421,2018-12-16 16:00:00
8422,2018-12-16 17:00:00
8423,2018-12-16 18:00:00
8424,2018-12-16 19:00:00
8425,2018-12-16 20:00:00
8426,2018-12-16 21:00:00
8427,2018-12-16 22:00:00
8428,2018-12-16 23:00:00
8501,2018-12-20 00:00:00
8502,2018-12-20 01:00:00
8503,2018-12-20 02:00:00
8504,2018-12-20 03:00:00
8505,2018-12-20 04:00:00
8506,2018-12-20 05:00:00
8507,2018-12-20 06:00:00
8508,2018-12-20 07:00:00
8509,2018-12-20 08:00:00
8510,2018-12-20 09:00:00
8511,2018-12-20 10:00:00
8512,2018-12-20 11:00:00
8513,2018-12-20 12:00:00
8514,2018-12-20 13:00:00
8515,2018-12-20 14:00:00
8516,2018-12-20 15:00:00
8517,2018-12-20 16:00:00
8518,2018-12-20 17:00:00
8519,2018-12-20 18:00:00
8520,2018-12-20 19:00:00
8521,2018-12-20 20:00:00
8522,2018-12-20 21:00:00
8523,2018-12-20 22:00:00
8524,2018-12-20 23:00:00
8525,2018-12-21 00:00:00
8526,2018-12-21 01:00:00
8527,2018-12-21 02:00:00
8528,2018-12-21 03:00:00
8529,2018-12-21 04:00:00
8530,2018-12-21 05:00:00
8531,2018-12-21 06:00:00
8532,2018-12-21 07:00:00
8533,2018-12-21 08:00:00
8534,2018-12-21 09:00:00
8535,2018-12-21 10:00:00
8536,2018-12-21 11:00:00
8537,2018-12-21 12:00:00
8538,2018-12-21 13:00:00
8539,2018-12-21 14:00:00
8540,2018-12-21 15:00:00
8541,2018-12-21 16:00:00
8542,2018-12-21 17:00:00
8543,2018-12-21 18:00:00
8544,2018-12-21 19:00:00
8545,2018-12-21 20:00:00
8546,2018-12-21 21:00:00
8547,2018-12-21 22:00:00
8548,2018-12-21 23:00:00
8549,2018-12-22 00:00:00
8550,2018-12-22 01:00:00
8551,2018-12-22 02:00:00
8552,2018-12-22 03:00:00
8553,2018-12-22 04:00:00
8554,2018-12-22 05:00:00
8555,2018-12-22 06:00:00
8556,2018-12-22 07:00:00
8557,2018-12-22 08:00:00
8558,2018-12-22 09:00:00
8559,2018-12-22 10:00:00
8560,2018-12-22 11:00:00
8561,2018-12-22 12:00:00
8562,2018-12-22 13:00:00
8563,2018-12-22 14:00:00
8564,2018-12-22 15:00:00
8565,2018-12-22 16:00:00
8566,2018-12-22 17:00:00
8567,2018-12-22 18:00:00
8568,2018-12-22 19:00:00
8569,2018-12-22 20:00:00
8570,2018-12-22 21:00:00
8571,2018-12-22 22:00:00
8572,2018-12-22 23:00:00
8573,2018-12-23 00:00:00
8574,2018-12-23 01:00:00
8575,2018-12-23 02:00:00
8576,2018-12-23 03:00:00
8577,2018-12-23 04:00:00
8578,2018-12-23 05:00:00
8579,2018-12-23 06:00:00
8580,2018-12-23 07:00:00
8581,2018-12-23 08:00:00
8582,2018-12-23 09:00:00
8583,2018-12-23 10:00:00
8584,2018-12-23 11:00:00
8585,2018-12-23 12:00:00
8586,2018-12-23 13:00:00
8587,2018-12-23 14:00:00
8588,2018-12-23 15:00:00
8589,2018-12-23 16:00:00
8590,2018-12-23 17:00:00
8591,2018-12-23 18:00:00
8592,2018-12-23 19:00:00
8593,2018-12-23 20:00:00
8594,2018-12-23 21:00:00
8595,2018-12-23 22:00:00
8596,2018-12-23 23:00:00
8909,2019-01-07 00:00:00
8910,2019-01-07 01:00:00
8911,2019-01-07 02:00:00
8912,2019-01-07 03:00:00
8913,2019-01-07 04:00:00
8914,2019-01-07 05:00:00
8915,2019-01-07 06:00:00
8916,2019-01-07 07:00:00
8917,2019-01-07 08:00:00
8918,2019-01-07 09:00:00
8919,2019-01-07 10:00:00
8920,2019-01-07 11:00:00
8921,2019-01-07 12:00:00
8922,2019-01-07 13:00:00
8923,2019-01-07 14:00:00
8924,2019-01-07 15:00:00
8925,2019-01-07 16:00:00
8926,2019-01-07 17:00:00
8927,2019-01-07 18:00:00
8928,2019-01-07 19:00:00
8929,2019-01-07 20:00:00
8930,2019-01-07 21:00:00
8931,2019-01-07 22:00:00
8932,2019-01-07 23:00:00
9029,2019-01-12 00:00:00
9030,2019-01-12 01:00:00
9031,2019-01-12 02:00:00
9032,2019-01-12 03:00:00
9033,2019-01-12 04:00:00
9034,2019-01-12 05:00:00
9035,2019-01-12 06:00:00
9036,2019-01-12 07:00:00
9037,2019-01-12 08:00:00
9038,2019-01-12 09:00:00
9039,2019-01-12 10:00:00
9040,2019-01-12 11:00:00
9041,2019-01-12 12:00:00
9042,2019-01-12 13:00:00
9043,2019-01-12 14:00:00
9044,2019-01-12 15:00:00
9045,2019-01-12 16:00:00
9046,2019-01-12 17:00:00
9047,2019-01-12 18:00:00
9048,2019-01-12 19:00:00
9049,2019-01-12 20:00:00
9050,2019-01-12 21:00:00
9051,2019-01-12 22:00:00
9052,2019-01-12 23:00:00
9053,2019-01-13 00:00:00
9054,2019-01-13 01:00:00
9055,2019-01-13 02:00:00
9056,2019-01-13 03:00:00
9057,2019-01-13 04:00:00
9058,2019-01-13 05:00:00
9059,2019-01-13 06:00:00
9060,2019-01-13 07:00:00
9061,2019-01-13 08:00:00
9062,2019-01-13 09:00:00
9063,2019-01-13 10:00:00
9064,2019-01-13 11:00:00
9065,2019-01-13 12:00:00
9066,2019-01-13 13:00:00
9067,2019-01-13 14:00:00
9068,2019-01-13 15:00:00
9069,2019-01-13 16:00:00
9070,2019-01-13 17:00:00
9071,2019-01-13 18:00:00
9072,2019-01-13 19:00:00
9073,2019-01-13 20:00:00
9074,2019-01-13 21:00:00
9075,2019-01-13 22:00:00
9076,2019-01-13 23:00:00
9413,2019-01-28 00:00:00
9414,2019-01-28 01:00:00
9415,2019-01-28 02:00:00
9416,2019-01-28 03:00:00
9417,2019-01-28 04:00:00
9418,2019-01-28 05:00:00
9419,2019-01-28 06:00:00
9420,2019-01-28 07:00:00
9421,2019-01-28 08:00:00
9422,2019-01-28 09:00:00
9423,2019-01-28 10:00:00
9424,2019-01-28 11:00:00
9425,2019-01-28 12:00:00
9426,2019-01-28 13:00:00
9427,2019-01-28 14:00:00
9428,2019-01-28 15:00:00
9429,2019-01-28 16:00:00
9430,2019-01-28 17:00:00
9431,2019-01-28 18:00:00
9432,2019-01-28 19:00:00
9433,2019-01-28 20:00:00
9434,2019-01-28 21:00:00
9435,2019-01-28 22:00:00
9436,2019-01-28 23:00:00
9629,2019-02-06 00:00:00
9630,2019-02-06 01:00:00
9631,2019-02-06 02:00:00
9632,2019-02-06 03:00:00
9633,2019-02-06 04:00:00
9634,2019-02-06 05:00:00
9635,2019-02-06 06:00:00
9636,2019-02-06 07:00:00
9637,2019-02-06 08:00:00
9638,2019-02-06 09:00:00
9639,2019-02-06 10:00:00
9640,2019-02-06 11:00:00
9641,2019-02-06 12:00:00
9642,2019-02-06 13:00:00
9643,2019-02-06 14:00:00
9644,2019-02-06 15:00:00
9645,2019-02-06 16:00:00
9646,2019-02-06 17:00:00
9647,2019-02-06 18:00:00
9648,2019-02-06 19:00:00
9649,2019-02-06 20:00:00
9650,2019-02-06 21:00:00
9651,2019-02-06 22:00:00
9652,2019-02-06 23:00:00
9653,2019-02-07 00:00:00
9654,2019-02-07 01:00:00
9655,2019-02-07 02:00:00
9656,2019-02-07 03:00:00
9657,2019-02-07 04:00:00
9658,2019-02-07 05:00:00
9659,2019-02-07 06:00:00
9660,2019-02-07 07:00:00
9661,2019-02-07 08:00:00
9662,2019-02-07 09:00:00
9663,2019-02-07 10:00:00
9664,2019-02-07 11:00:00
9665,2019-02-07 12:00:00
9666,2019-02-07 13:00:00
9667,2019-02-07 14:00:00
9668,2019-02-07 15:00:00
9669,2019-02-07 16:00:00
9670,2019-02-07 17:00:00
9671,2019-02-07 18:00:00
9672,2019-02-07 19:00:00
9673,2019-02-07 20:00:00
9674,2019-02-07 21:00:00
9675,2019-02-07 22:00:00
9676,2019-02-07 23:00:00
9701,2019-02-09 00:00:00
9702,2019-02-09 01:00:00
9703,2019-02-09 02:00:00
9704,2019-02-09 03:00:00
9705,2019-02-09 04:00:00
9706,2019-02-09 05:00:00
9707,2019-02-09 06:00:00
9708,2019-02-09 07:00:00
9709,2019-02-09 08:00:00
9710,2019-02-09 09:00:00
9711,2019-02-09 10:00:00
9712,2019-02-09 11:00:00
9713,2019-02-09 12:00:00
9714,2019-02-09 13:00:00
9715,2019-02-09 14:00:00
9716,2019-02-09 15:00:00
9717,2019-02-09 16:00:00
9718,2019-02-09 17:00:00
9719,2019-02-09 18:00:00
9720,2019-02-09 19:00:00
9721,2019-02-09 20:00:00
9722,2019-02-09 21:00:00
9723,2019-02-09 22:00:00
9724,2019-02-09 23:00:00
9725,2019-02-10 00:00:00
9726,2019-02-10 01:00:00
9727,2019-02-10 02:00:00
9728,2019-02-10 03:00:00
9729,2019-02-10 04:00:00
9730,2019-02-10 05:00:00
9731,2019-02-10 06:00:00
9732,2019-02-10 07:00:00
9733,2019-02-10 08:00:00
9734,2019-02-10 09:00:00
9735,2019-02-10 10:00:00
9736,2019-02-10 11:00:00
9737,2019-02-10 12:00:00
9738,2019-02-10 13:00:00
9739,2019-02-10 14:00:00
9740,2019-02-10 15:00:00
9741,2019-02-10 16:00:00
9742,2019-02-10 17:00:00
9743,2019-02-10 18:00:00
9744,2019-02-10 19:00:00
9745,2019-02-10 20:00:00
9746,2019-02-10 21:00:00
9747,2019-02-10 22:00:00
9748,2019-02-10 23:00:00
10157,2019-02-28 00:00:00
10158,2019-02-28 01:00:00
10159,2019-02-28 02:00:00
10160,2019-02-28 03:00:00
10161,2019-02-28 04:00:00
10162,2019-02-28 05:00:00
10163,2019-02-28 06:00:00
10164,2019-02-28 07:00:00
10165,2019-02-28 08:00:00
10166,2019-02-28 09:00:00
10167,2019-02-28 10:00:00
10168,2019-02-28 11:00:00
10169,2019-02-28 12:00:00
10170,2019-02-28 13:00:00
10171,2019-02-28 14:00:00
10172,2019-02-28 15:00:00
10173,2019-02-28 16:00:00
10174,2019-02-28 17:00:00
10175,2019-02-28 18:00:00
10176,2019-02-28 19:00:00
10177,2019-02-28 20:00:00
10178,2019-02-28 21:00:00
10179,2019-02-28 22:00:00
10180,2019-02-28 23:00:00
10229,2019-03-03 00:00:00
10230,2019-03-03 01:00:00
10231,2019-03-03 02:00:00
10232,2019-03-03 03:00:00
10233,2019-03-03 04:00:00
10234,2019-03-03 05:00:00
10235,2019-03-03 06:00:00
10236,2019-03-03 07:00:00
10237,2019-03-03 08:00:00
10238,2019-03-03 09:00:00
10239,2019-03-03 10:00:00
10240,2019-03-03 11:00:00
10241,2019-03-03 12:00:00
10242,2019-03-03 13:00:00
10243,2019-03-03 14:00:00
10244,2019-03-03 15:00:00
10245,2019-03-03 16:00:00
10246,2019-03-03 17:00:00
10247,2019-03-03 18:00:00
10248,2019-03-03 19:00:00
10249,2019-03-03 20:00:00
10250,2019-03-03 21:00:00
10251,2019-03-03 22:00:00
10252,2019-03-03 23:00:00
10253,2019-03-04 00:00:00
10254,2019-03-04 01:00:00
10255,2019-03-04 02:00:00
10256,2019-03-04 03:00:00
10257,2019-03-04 04:00:00
10258,2019-03-04 05:00:00
10259,2019-03-04 06:00:00
10260,2019-03-04 07:00:00
10261,2019-03-04 08:00:00
10262,2019-03-04 09:00:00
10263,2019-03-04 10:00:00
10264,2019-03-04 11:00:00
10265,2019-03-04 12:00:00
10266,2019-03-04 13:00:00
10267,2019-03-04 14:00:00
10268,2019-03-04 15:00:00
10269,2019-03-04 16:00:00
10270,2019-03-04 17:00:00
10271,2019-03-04 18:00:00
10272,2019-03-04 19:00:00
10273,2019-03-04 20:00:00
10274,2019-03-04 21:00:00
10275,2019-03-04 22:00:00
10276,2019-03-04 23:00:00
10325,2019-03-07 00:00:00
10326,2019-03-07 01:00:00
10327,2019-03-07 02:00:00
10328,2019-03-07 03:00:00
10329,2019-03-07 04:00:00
10330,2019-03-07 05:00:00
10331,2019-03-07 06:00:00
10332,2019-03-07 07:00:00
10333,2019-03-07 08:00:00
10334,2019-03-07 09:00:00
10335,2019-03-07 10:00:00
10336,2019-03-07 11:00:00
10337,2019-03-07 12:00:00
10338,2019-03-07 13:00:00
10339,2019-03-07 14:00:00
10340,2019-03-07 15:00:00
10341,2019-03-07 16:00:00
10342,2019-03-07 17:00:00
10343,2019-03-07 18:00:00
10344,2019-03-07 19:00:00
10345,2019-03-07 20:00:00
10346,2019-03-07 21:00:00
10347,2019-03-07 22:00:00
10348,2019-03-07 23:00:00
10349,2019-03-08 00:00:00
10350,2019-03-08 01:00:00
10351,2019-03-08 02:00:00
10352,2019-03-08 03:00:00
10353,2019-03-08 04:00:00
10354,2019-03-08 05:00:00
10355,2019-03-08 06:00:00
10356,2019-03-08 07:00:00
10357,2019-03-08 08:00:00
10358,2019-03-08 09:00:00
10359,2019-03-08 10:00:00
10360,2019-03-08 11:00:00
10361,2019-03-08 12:00:00
10362,2019-03-08 13:00:00
10363,2019-03-08 14:00:00
10364,2019-03-08 15:00:00
10365,2019-03-08 16:00:00
10366,2019-03-08 17:00:00
10367,2019-03-08 18:00:00
10368,2019-03-08 19:00:00
10369,2019-03-08 20:00:00
10370,2019-03-08 21:00:00
10371,2019-03-08 22:00:00
10372,2019-03-08 23:00:00
10373,2019-03-09 00:00:00
10374,2019-03-09 01:00:00
10375,2019-03-09 02:00:00
10376,2019-03-09 03:00:00
10377,2019-03-09 04:00:00
10378,2019-03-09 05:00:00
10379,2019-03-09 06:00:00
10380,2019-03-09 07:00:00
10381,2019-03-09 08:00:00
10382,2019-03-09 09:00:00
10383,2019-03-09 10:00:00
10384,2019-03-09 11:00:00
10385,2019-03-09 12:00:00
10386,2019-03-09 13:00:00
10387,2019-03-09 14:00:00
10388,2019-03-09 15:00:00
10389,2019-03-09 16:00:00
10390,2019-03-09 17:00:00
10391,2019-03-09 18:00:00
10392,2019-03-09 19:00:00
10393,2019-03-09 20:00:00
10394,2019-03-09 21:00:00
10395,2019-03-09 22:00:00
10396,2019-03-09 23:00:00
10397,2019-03-10 00:00:00
10398,2019-03-10 01:00:00
10399,2019-03-10 02:00:00
10400,2019-03-10 03:00:00
10401,2019-03-10 04:00:00
10402,2019-03-10 05:00:00
10403,2019-03-10 06:00:00
10404,2019-03-10 07:00:00
10405,2019-03-10 08:00:00
10406,2019-03-10 09:00:00
10407,2019-03-10 10:00:00
10408,2019-03-10 11:00:00
10409,2019-03-10 12:00:00
10410,2019-03-10 13:00:00
10411,2019-03-10 14:00:00
10412,2019-03-10 15:00:00
10413,2019-03-10 16:00:00
10414,2019-03-10 17:00:00
10415,2019-03-10 18:00:00
10416,2019-03-10 19:00:00
10417,2019-03-10 20:00:00
10418,2019-03-10 21:00:00
10419,2019-03-10 22:00:00
10420,2019-03-10 23:00:00
10421,2019-03-11 00:00:00
10422,2019-03-11 01:00:00
10423,2019-03-11 02:00:00
10424,2019-03-11 03:00:00
10425,2019-03-11 04:00:00
10426,2019-03-11 05:00:00
10427,2019-03-11 06:00:00
10428,2019-03-11 07:00:00
10429,2019-03-11 08:00:00
10430,2019-03-11 09:00:00
10431,2019-03-11 10:00:00
10432,2019-03-11 11:00:00
10433,2019-03-11 12:00:00
10434,2019-03-11 13:00:00
10435,2019-03-11 14:00:00
10436,2019-03-11 15:00:00
10437,2019-03-11 16:00:00
10438,2019-03-11 17:00:00
10439,2019-03-11 18:00:00
10440,2019-03-11 19:00:00
10441,2019-03-11 20:00:00
10442,2019-03-11 21:00:00
10443,2019-03-11 22:00:00
10444,2019-03-11 23:00:00
10445,2019-03-12 00:00:00
10446,2019-03-12 01:00:00
10447,2019-03-12 02:00:00
10448,2019-03-12 03:00:00
10449,2019-03-12 04:00:00
10450,2019-03-12 05:00:00
10451,2019-03-12 06:00:00
10452,2019-03-12 07:00:00
10453,2019-03-12 08:00:00
10454,2019-03-12 09:00:00
10455,2019-03-12 10:00:00
10456,2019-03-12 11:00:00
10457,2019-03-12 12:00:00
10458,2019-03-12 13:00:00
10459,2019-03-12 14:00:00
10460,2019-03-12 15:00:00
10461,2019-03-12 16:00:00
10462,2019-03-12 17:00:00
10463,2019-03-12 18:00:00
10464,2019-03-12 19:00:00
10465,2019-03-12 20:00:00
10466,2019-03-12 21:00:00
10467,2019-03-12 22:00:00
10468,2019-03-12 23:00:00
10469,2019-03-13 00:00:00
10470,2019-03-13 01:00:00
10471,2019-03-13 02:00:00
10472,2019-03-13 03:00:00
10473,2019-03-13 04:00:00
10474,2019-03-13 05:00:00
10475,2019-03-13 06:00:00
10476,2019-03-13 07:00:00
10477,2019-03-13 08:00:00
10478,2019-03-13 09:00:00
10479,2019-03-13 10:00:00
10480,2019-03-13 11:00:00
10481,2019-03-13 12:00:00
10482,2019-03-13 13:00:00
10483,2019-03-13 14:00:00
10484,2019-03-13 15:00:00
10485,2019-03-13 16:00:00
10486,2019-03-13 17:00:00
10487,2019-03-13 18:00:00
10488,2019-03-13 19:00:00
10489,2019-03-13 20:00:00
10490,2019-03-13 21:00:00
10491,2019-03-13 22:00:00
10492,2019-03-13 23:00:00
10493,2019-03-14 00:00:00
10494,2019-03-14 01:00:00
10495,2019-03-14 02:00:00
10496,2019-03-14 03:00:00
10497,2019-03-14 04:00:00
10498,2019-03-14 05:00:00
10499,2019-03-14 06:00:00
10500,2019-03-14 07:00:00
10501,2019-03-14 08:00:00
10502,2019-03-14 09:00:00
10503,2019-03-14 10:00:00
10504,2019-03-14 11:00:00
10505,2019-03-14 12:00:00
10506,2019-03-14 13:00:00
10507,2019-03-14 14:00:00
10508,2019-03-14 15:00:00
10509,2019-03-14 16:00:00
10510,2019-03-14 17:00:00
10511,2019-03-14 18:00:00
10512,2019-03-14 19:00:00
10513,2019-03-14 20:00:00
10514,2019-03-14 21:00:00
10515,2019-03-14 22:00:00
10516,2019-03-14 23:00:00
10517,2019-03-15 00:00:00
10518,2019-03-15 01:00:00
10519,2019-03-15 02:00:00
10520,2019-03-15 03:00:00
10521,2019-03-15 04:00:00
10522,2019-03-15 05:00:00
10523,2019-03-15 06:00:00
10524,2019-03-15 07:00:00
10525,2019-03-15 08:00:00
10526,2019-03-15 09:00:00
10527,2019-03-15 10:00:00
10528,2019-03-15 11:00:00
10529,2019-03-15 12:00:00
10530,2019-03-15 13:00:00
10531,2019-03-15 14:00:00
10532,2019-03-15 15:00:00
10533,2019-03-15 16:00:00
10534,2019-03-15 17:00:00
10535,2019-03-15 18:00:00
10536,2019-03-15 19:00:00
10537,2019-03-15 20:00:00
10538,2019-03-15 21:00:00
10539,2019-03-15 22:00:00
10540,2019-03-15 23:00:00
10541,2019-03-16 00:00:00
10542,2019-03-16 01:00:00
10543,2019-03-16 02:00:00
10544,2019-03-16 03:00:00
10545,2019-03-16 04:00:00
10546,2019-03-16 05:00:00
10547,2019-03-16 06:00:00
10548,2019-03-16 07:00:00
10549,2019-03-16 08:00:00
10550,2019-03-16 09:00:00
10551,2019-03-16 10:00:00
10552,2019-03-16 11:00:00
10553,2019-03-16 12:00:00
10554,2019-03-16 13:00:00
10555,2019-03-16 14:00:00
10556,2019-03-16 15:00:00
10557,2019-03-16 16:00:00
10558,2019-03-16 17:00:00
10559,2019-03-16 18:00:00
10560,2019-03-16 19:00:00
10561,2019-03-16 20:00:00
10562,2019-03-16 21:00:00
10563,2019-03-16 22:00:00
10564,2019-03-16 23:00:00
10565,2019-03-17 00:00:00
10566,2019-03-17 01:00:00
10567,2019-03-17 02:00:00
10568,2019-03-17 03:00:00
10569,2019-03-17 04:00:00
10570,2019-03-17 05:00:00
10571,2019-03-17 06:00:00
10572,2019-03-17 07:00:00
10573,2019-03-17 08:00:00
10574,2019-03-17 09:00:00
10575,2019-03-17 10:00:00
10576,2019-03-17 11:00:00
10577,2019-03-17 12:00:00
10578,2019-03-17 13:00:00
10579,2019-03-17 14:00:00
10580,2019-03-17 15:00:00
10581,2019-03-17 16:00:00
10582,2019-03-17 17:00:00
10583,2019-03-17 18:00:00
10584,2019-03-17 19:00:00
10585,2019-03-17 20:00:00
10586,2019-03-17 21:00:00
10587,2019-03-17 22:00:00
10588,2019-03-17 23:00:00
10951,2019-04-02 00:00:00
10952,2019-04-02 01:00:00
10953,2019-04-02 02:00:00
10954,2019-04-02 03:00:00
10955,2019-04-02 04:00:00
10956,2019-04-02 05:00:00
10957,2019-04-02 06:00:00
10958,2019-04-02 07:00:00
10959,2019-04-02 08:00:00
10960,2019-04-02 09:00:00
10961,2019-04-02 10:00:00
10962,2019-04-02 11:00:00
10963,2019-04-02 12:00:00
10964,2019-04-02 13:00:00
10965,2019-04-02 14:00:00
10966,2019-04-02 15:00:00
10967,2019-04-02 16:00:00
10968,2019-04-02 17:00:00
10969,2019-04-02 18:00:00
10970,2019-04-02 19:00:00
10971,2019-04-02 20:00:00
10972,2019-04-02 21:00:00
10973,2019-04-02 22:00:00
10974,2019-04-02 23:00:00
11479,2019-04-24 00:00:00
11480,2019-04-24 01:00:00
11481,2019-04-24 02:00:00
11482,2019-04-24 03:00:00
11483,2019-04-24 04:00:00
11484,2019-04-24 05:00:00
11485,2019-04-24 06:00:00
11486,2019-04-24 07:00:00
11487,2019-04-24 08:00:00
11488,2019-04-24 09:00:00
11489,2019-04-24 10:00:00
11490,2019-04-24 11:00:00
11491,2019-04-24 12:00:00
11492,2019-04-24 13:00:00
11493,2019-04-24 14:00:00
11494,2019-04-24 15:00:00
11495,2019-04-24 16:00:00
11496,2019-04-24 17:00:00
11497,2019-04-24 18:00:00
11498,2019-04-24 19:00:00
11499,2019-04-24 20:00:00
11500,2019-04-24 21:00:00
11501,2019-04-24 22:00:00
11502,2019-04-24 23:00:00
11503,2019-04-25 00:00:00
11504,2019-04-25 01:00:00
11505,2019-04-25 02:00:00
11506,2019-04-25 03:00:00
11507,2019-04-25 04:00:00
11508,2019-04-25 05:00:00
11509,2019-04-25 06:00:00
11510,2019-04-25 07:00:00
11511,2019-04-25 08:00:00
11512,2019-04-25 09:00:00
11513,2019-04-25 10:00:00
11514,2019-04-25 11:00:00
11515,2019-04-25 12:00:00
11516,2019-04-25 13:00:00
11517,2019-04-25 14:00:00
11518,2019-04-25 15:00:00
11519,2019-04-25 16:00:00
11520,2019-04-25 17:00:00
11521,2019-04-25 18:00:00
11522,2019-04-25 19:00:00
11523,2019-04-25 20:00:00
11524,2019-04-25 21:00:00
11525,2019-04-25 22:00:00
11526,2019-04-25 23:00:00
11551,2019-04-27 00:00:00
11552,2019-04-27 01:00:00
11553,2019-04-27 02:00:00
11554,2019-04-27 03:00:00
11555,2019-04-27 04:00:00
11556,2019-04-27 05:00:00
11557,2019-04-27 06:00:00
11558,2019-04-27 07:00:00
11559,2019-04-27 08:00:00
11560,2019-04-27 09:00:00
11561,2019-04-27 10:00:00
11562,2019-04-27 11:00:00
11563,2019-04-27 12:00:00
11564,2019-04-27 13:00:00
11565,2019-04-27 14:00:00
11566,2019-04-27 15:00:00
11567,2019-04-27 16:00:00
11568,2019-04-27 17:00:00
11569,2019-04-27 18:00:00
11570,2019-04-27 19:00:00
11571,2019-04-27 20:00:00
11572,2019-04-27 21:00:00
11573,2019-04-27 22:00:00
11574,2019-04-27 23:00:00
11671,2019-05-02 00:00:00
11672,2019-05-02 01:00:00
11673,2019-05-02 02:00:00
11674,2019-05-02 03:00:00
11675,2019-05-02 04:00:00
11676,2019-05-02 05:00:00
11677,2019-05-02 06:00:00
11678,2019-05-02 07:00:00
11679,2019-05-02 08:00:00
11680,2019-05-02 09:00:00
11681,2019-05-02 10:00:00
11682,2019-05-02 11:00:00
11683,2019-05-02 12:00:00
11684,2019-05-02 13:00:00
11685,2019-05-02 14:00:00
11686,2019-05-02 15:00:00
11687,2019-05-02 16:00:00
11688,2019-05-02 17:00:00
11689,2019-05-02 18:00:00
11690,2019-05-02 19:00:00
11691,2019-05-02 20:00:00
11692,2019-05-02 21:00:00
11693,2019-05-02 22:00:00
11694,2019-05-02 23:00:00
11695,2019-05-03 00:00:00
11696,2019-05-03 01:00:00
11697,2019-05-03 02:00:00
11698,2019-05-03 03:00:00
11699,2019-05-03 04:00:00
11700,2019-05-03 05:00:00
11701,2019-05-03 06:00:00
11702,2019-05-03 07:00:00
11703,2019-05-03 08:00:00
11704,2019-05-03 09:00:00
11705,2019-05-03 10:00:00
11706,2019-05-03 11:00:00
11707,2019-05-03 12:00:00
11708,2019-05-03 13:00:00
11709,2019-05-03 14:00:00
11710,2019-05-03 15:00:00
11711,2019-05-03 16:00:00
11712,2019-05-03 17:00:00
11713,2019-05-03 18:00:00
11714,2019-05-03 19:00:00
11715,2019-05-03 20:00:00
11716,2019-05-03 21:00:00
11717,2019-05-03 22:00:00
11718,2019-05-03 23:00:00
11767,2019-05-06 00:00:00
11768,2019-05-06 01:00:00
11769,2019-05-06 02:00:00
11770,2019-05-06 03:00:00
11771,2019-05-06 04:00:00
11772,2019-05-06 05:00:00
11773,2019-05-06 06:00:00
11774,2019-05-06 07:00:00
11775,2019-05-06 08:00:00
11776,2019-05-06 09:00:00
11777,2019-05-06 10:00:00
11778,2019-05-06 11:00:00
11779,2019-05-06 12:00:00
11780,2019-05-06 13:00:00
11781,2019-05-06 14:00:00
11782,2019-05-06 15:00:00
11783,2019-05-06 16:00:00
11784,2019-05-06 17:00:00
11785,2019-05-06 18:00:00
11786,2019-05-06 19:00:00
11787,2019-05-06 20:00:00
11788,2019-05-06 21:00:00
11789,2019-05-06 22:00:00
11790,2019-05-06 23:00:00
11815,2019-05-08 00:00:00
11816,2019-05-08 01:00:00
11817,2019-05-08 02:00:00
11818,2019-05-08 03:00:00
11819,2019-05-08 04:00:00
11820,2019-05-08 05:00:00
11821,2019-05-08 06:00:00
11822,2019-05-08 07:00:00
11823,2019-05-08 08:00:00
11824,2019-05-08 09:00:00
11825,2019-05-08 10:00:00
11826,2019-05-08 11:00:00
11827,2019-05-08 12:00:00
11828,2019-05-08 13:00:00
11829,2019-05-08 14:00:00
11830,2019-05-08 15:00:00
11831,2019-05-08 16:00:00
11832,2019-05-08 17:00:00
11833,2019-05-08 18:00:00
11834,2019-05-08 19:00:00
11835,2019-05-08 20:00:00
11836,2019-05-08 21:00:00
11837,2019-05-08 22:00:00
11838,2019-05-08 23:00:00
11839,2019-05-09 00:00:00
11840,2019-05-09 01:00:00
11841,2019-05-09 02:00:00
11842,2019-05-09 03:00:00
11843,2019-05-09 04:00:00
11844,2019-05-09 05:00:00
11845,2019-05-09 06:00:00
11846,2019-05-09 07:00:00
11847,2019-05-09 08:00:00
11848,2019-05-09 09:00:00
11849,2019-05-09 10:00:00
11850,2019-05-09 11:00:00
11851,2019-05-09 12:00:00
11852,2019-05-09 13:00:00
11853,2019-05-09 14:00:00
11854,2019-05-09 15:00:00
11855,2019-05-09 16:00:00
11856,2019-05-09 17:00:00
11857,2019-05-09 18:00:00
11858,2019-05-09 19:00:00
11859,2019-05-09 20:00:00
11860,2019-05-09 21:00:00
11861,2019-05-09 22:00:00
11862,2019-05-09 23:00:00
11863,2019-05-10 00:00:00
11864,2019-05-10 01:00:00
11865,2019-05-10 02:00:00
11866,2019-05-10 03:00:00
11867,2019-05-10 04:00:00
11868,2019-05-10 05:00:00
11869,2019-05-10 06:00:00
11870,2019-05-10 07:00:00
11871,2019-05-10 08:00:00
11872,2019-05-10 09:00:00
11873,2019-05-10 10:00:00
11874,2019-05-10 11:00:00
11875,2019-05-10 12:00:00
11876,2019-05-10 13:00:00
11877,2019-05-10 14:00:00
11878,2019-05-10 15:00:00
11879,2019-05-10 16:00:00
11880,2019-05-10 17:00:00
11881,2019-05-10 18:00:00
11882,2019-05-10 19:00:00
11883,2019-05-10 20:00:00
11884,2019-05-10 21:00:00
11885,2019-05-10 22:00:00
11886,2019-05-10 23:00:00
12055,2019-05-18 00:00:00
12056,2019-05-18 01:00:00
12057,2019-05-18 02:00:00
12058,2019-05-18 03:00:00
12059,2019-05-18 04:00:00
12060,2019-05-18 05:00:00
12061,2019-05-18 06:00:00
12062,2019-05-18 07:00:00
12063,2019-05-18 08:00:00
12064,2019-05-18 09:00:00
12065,2019-05-18 10:00:00
12066,2019-05-18 11:00:00
12067,2019-05-18 12:00:00
12068,2019-05-18 13:00:00
12069,2019-05-18 14:00:00
12070,2019-05-18 15:00:00
12071,2019-05-18 16:00:00
12072,2019-05-18 17:00:00
12073,2019-05-18 18:00:00
12074,2019-05-18 19:00:00
12075,2019-05-18 20:00:00
12076,2019-05-18 21:00:00
12077,2019-05-18 22:00:00
12078,2019-05-18 23:00:00
12079,2019-05-19 00:00:00
12080,2019-05-19 01:00:00
12081,2019-05-19 02:00:00
12082,2019-05-19 03:00:00
12083,2019-05-19 04:00:00
12084,2019-05-19 05:00:00
12085,2019-05-19 06:00:00
12086,2019-05-19 07:00:00
12087,2019-05-19 08:00:00
12088,2019-05-19 09:00:00
12089,2019-05-19 10:00:00
12090,2019-05-19 11:00:00
12091,2019-05-19 12:00:00
12092,2019-05-19 13:00:00
12093,2019-05-19 14:00:00
12094,2019-05-19 15:00:00
12095,2019-05-19 16:00:00
12096,2019-05-19 17:00:00
12097,2019-05-19 18:00:00
12098,2019-05-19 19:00:00
12099,2019-05-19 20:00:00
12100,2019-05-19 21:00:00
12101,2019-05-19 22:00:00
12102,2019-05-19 23:00:00
12103,2019-05-20 00:00:00
12104,2019-05-20 01:00:00
12105,2019-05-20 02:00:00
12106,2019-05-20 03:00:00
12107,2019-05-20 04:00:00
12108,2019-05-20 05:00:00
12109,2019-05-20 06:00:00
12110,2019-05-20 07:00:00
12111,2019-05-20 08:00:00
12112,2019-05-20 09:00:00
12113,2019-05-20 10:00:00
12114,2019-05-20 11:00:00
12115,2019-05-20 12:00:00
12116,2019-05-20 13:00:00
12117,2019-05-20 14:00:00
12118,2019-05-20 15:00:00
12119,2019-05-20 16:00:00
12120,2019-05-20 17:00:00
12121,2019-05-20 18:00:00
12122,2019-05-20 19:00:00
12123,2019-05-20 20:00:00
12124,2019-05-20 21:00:00
12125,2019-05-20 22:00:00
12126,2019-05-20 23:00:00
12295,2019-05-28 00:00:00
12296,2019-05-28 01:00:00
12297,2019-05-28 02:00:00
12298,2019-05-28 03:00:00
12299,2019-05-28 04:00:00
12300,2019-05-28 05:00:00
12301,2019-05-28 06:00:00
12302,2019-05-28 07:00:00
12303,2019-05-28 08:00:00
12304,2019-05-28 09:00:00
12305,2019-05-28 10:00:00
12306,2019-05-28 11:00:00
12307,2019-05-28 12:00:00
12308,2019-05-28 13:00:00
12309,2019-05-28 14:00:00
12310,2019-05-28 15:00:00
12311,2019-05-28 16:00:00
12312,2019-05-28 17:00:00
12313,2019-05-28 18:00:00
12314,2019-05-28 19:00:00
12315,2019-05-28 20:00:00
12316,2019-05-28 21:00:00
12317,2019-05-28 22:00:00
12318,2019-05-28 23:00:00
12511,2019-06-06 00:00:00
12512,2019-06-06 01:00:00
12513,2019-06-06 02:00:00
12514,2019-06-06 03:00:00
12515,2019-06-06 04:00:00
12516,2019-06-06 05:00:00
12517,2019-06-06 06:00:00
12518,2019-06-06 07:00:00
12519,2019-06-06 08:00:00
12520,2019-06-06 09:00:00
12521,2019-06-06 10:00:00
12522,2019-06-06 11:00:00
12523,2019-06-06 12:00:00
12524,2019-06-06 13:00:00
12525,2019-06-06 14:00:00
12526,2019-06-06 15:00:00
12527,2019-06-06 16:00:00
12528,2019-06-06 17:00:00
12529,2019-06-06 18:00:00
12530,2019-06-06 19:00:00
12531,2019-06-06 20:00:00
12532,2019-06-06 21:00:00
12533,2019-06-06 22:00:00
12534,2019-06-06 23:00:00
12535,2019-06-07 00:00:00
12536,2019-06-07 01:00:00
12537,2019-06-07 02:00:00
12538,2019-06-07 03:00:00
12539,2019-06-07 04:00:00
12540,2019-06-07 05:00:00
12541,2019-06-07 06:00:00
12542,2019-06-07 07:00:00
12543,2019-06-07 08:00:00
12544,2019-06-07 09:00:00
12545,2019-06-07 10:00:00
12546,2019-06-07 11:00:00
12547,2019-06-07 12:00:00
12548,2019-06-07 13:00:00
12549,2019-06-07 14:00:00
12550,2019-06-07 15:00:00
12551,2019-06-07 16:00:00
12552,2019-06-07 17:00:00
12553,2019-06-07 18:00:00
12554,2019-06-07 19:00:00
12555,2019-06-07 20:00:00
12556,2019-06-07 21:00:00
12557,2019-06-07 22:00:00
12558,2019-06-07 23:00:00
12607,2019-06-10 00:00:00
12608,2019-06-10 01:00:00
12609,2019-06-10 02:00:00
12610,2019-06-10 03:00:00
12611,2019-06-10 04:00:00
12612,2019-06-10 05:00:00
12613,2019-06-10 06:00:00
12614,2019-06-10 07:00:00
12615,2019-06-10 08:00:00
12616,2019-06-10 09:00:00
12617,2019-06-10 10:00:00
12618,2019-06-10 11:00:00
12619,2019-06-10 12:00:00
12620,2019-06-10 13:00:00
12621,2019-06-10 14:00:00
12622,2019-06-10 15:00:00
12623,2019-06-10 16:00:00
12624,2019-06-10 17:00:00
12625,2019-06-10 18:00:00
12626,2019-06-10 19:00:00
12627,2019-06-10 20:00:00
12628,2019-06-10 21:00:00
12629,2019-06-10 22:00:00
12630,2019-06-10 23:00:00
12655,2019-06-12 00:00:00
12656,2019-06-12 01:00:00
12657,2019-06-12 02:00:00
12658,2019-06-12 03:00:00
12659,2019-06-12 04:00:00
12660,2019-06-12 05:00:00
12661,2019-06-12 06:00:00
12662,2019-06-12 07:00:00
12663,2019-06-12 08:00:00
12664,2019-06-12 09:00:00
12665,2019-06-12 10:00:00
12666,2019-06-12 11:00:00
12667,2019-06-12 12:00:00
12668,2019-06-12 13:00:00
12669,2019-06-12 14:00:00
12670,2019-06-12 15:00:00
12671,2019-06-12 16:00:00
12672,2019-06-12 17:00:00
12673,2019-06-12 18:00:00
12674,2019-06-12 19:00:00
12675,2019-06-12 20:00:00
12676,2019-06-12 21:00:00
12677,2019-06-12 22:00:00
12678,2019-06-12 23:00:00
12727,2019-06-15 00:00:00
12728,2019-06-15 01:00:00
12729,2019-06-15 02:00:00
12730,2019-06-15 03:00:00
12731,2019-06-15 04:00:00
12732,2019-06-15 05:00:00
12733,2019-06-15 06:00:00
12734,2019-06-15 07:00:00
12735,2019-06-15 08:00:00
12736,2019-06-15 09:00:00
12737,2019-06-15 10:00:00
12738,2019-06-15 11:00:00
12739,2019-06-15 12:00:00
12740,2019-06-15 13:00:00
12741,2019-06-15 14:00:00
12742,2019-06-15 15:00:00
12743,2019-06-15 16:00:00
12744,2019-06-15 17:00:00
12745,2019-06-15 18:00:00
12746,2019-06-15 19:00:00
12747,2019-06-15 20:00:00
12748,2019-06-15 21:00:00
12749,2019-06-15 22:00:00
12750,2019-06-15 23:00:00
12823,2019-06-19 00:00:00
12824,2019-06-19 01:00:00
12825,2019-06-19 02:00:00
12826,2019-06-19 03:00:00
12827,2019-06-19 04:00:00
12828,2019-06-19 05:00:00
12829,2019-06-19 06:00:00
12830,2019-06-19 07:00:00
12831,2019-06-19 08:00:00
12832,2019-06-19 09:00:00
12833,2019-06-19 10:00:00
12834,2019-06-19 11:00:00
12835,2019-06-19 12:00:00
12836,2019-06-19 13:00:00
12837,2019-06-19 14:00:00
12838,2019-06-19 15:00:00
12839,2019-06-19 16:00:00
12840,2019-06-19 17:00:00
12841,2019-06-19 18:00:00
12842,2019-06-19 19:00:00
12843,2019-06-19 20:00:00
12844,2019-06-19 21:00:00
12845,2019-06-19 22:00:00
12846,2019-06-19 23:00:00
13375,2019-07-12 00:00:00
13376,2019-07-12 01:00:00
13377,2019-07-12 02:00:00
13378,2019-07-12 03:00:00
13379,2019-07-12 04:00:00
13380,2019-07-12 05:00:00
13381,2019-07-12 06:00:00
13382,2019-07-12 07:00:00
13383,2019-07-12 08:00:00
13384,2019-07-12 09:00:00
13385,2019-07-12 10:00:00
13386,2019-07-12 11:00:00
13387,2019-07-12 12:00:00
13388,2019-07-12 13:00:00
13389,2019-07-12 14:00:00
13390,2019-07-12 15:00:00
13391,2019-07-12 16:00:00
13392,2019-07-12 17:00:00
13393,2019-07-12 18:00:00
13394,2019-07-12 19:00:00
13395,2019-07-12 20:00:00
13396,2019-07-12 21:00:00
13397,2019-07-12 22:00:00
13398,2019-07-12 23:00:00
13519,2019-07-18 00:00:00
13520,2019-07-18 01:00:00
13521,2019-07-18 02:00:00
13522,2019-07-18 03:00:00
13523,2019-07-18 04:00:00
13524,2019-07-18 05:00:00
13525,2019-07-18 06:00:00
13526,2019-07-18 07:00:00
13527,2019-07-18 08:00:00
13528,2019-07-18 09:00:00
13529,2019-07-18 10:00:00
13530,2019-07-18 11:00:00
13531,2019-07-18 11:00:00
13532,2019-07-18 11:00:00
13533,2019-07-18 11:00:00
13534,2019-07-18 13:00:00
13535,2019-07-18 14:00:00
13536,2019-07-18 15:00:00
13537,2019-07-18 16:00:00
13538,2019-07-18 17:00:00
13539,2019-07-18 18:00:00
13540,2019-07-18 19:00:00
13541,2019-07-18 20:00:00
13542,2019-07-18 21:00:00
13543,2019-07-18 22:00:00
13544,2019-07-18 23:00:00
13569,2019-07-20 00:00:00
13570,2019-07-20 01:00:00
13571,2019-07-20 02:00:00
13572,2019-07-20 03:00:00
13573,2019-07-20 04:00:00
13574,2019-07-20 05:00:00
13575,2019-07-20 06:00:00
13576,2019-07-20 07:00:00
13577,2019-07-20 08:00:00
13578,2019-07-20 09:00:00
13579,2019-07-20 10:00:00
13580,2019-07-20 11:00:00
13581,2019-07-20 12:00:00
13582,2019-07-20 13:00:00
13583,2019-07-20 14:00:00
13584,2019-07-20 15:00:00
13585,2019-07-20 16:00:00
13586,2019-07-20 17:00:00
13587,2019-07-20 18:00:00
13588,2019-07-20 19:00:00
13589,2019-07-20 20:00:00
13590,2019-07-20 21:00:00
13591,2019-07-20 22:00:00
13592,2019-07-20 23:00:00
13737,2019-07-27 00:00:00
13738,2019-07-27 01:00:00
13739,2019-07-27 02:00:00
13740,2019-07-27 03:00:00
13741,2019-07-27 04:00:00
13742,2019-07-27 05:00:00
13743,2019-07-27 06:00:00
13744,2019-07-27 07:00:00
13745,2019-07-27 08:00:00
13746,2019-07-27 09:00:00
13747,2019-07-27 10:00:00
13748,2019-07-27 11:00:00
13749,2019-07-27 12:00:00
13750,2019-07-27 13:00:00
13751,2019-07-27 14:00:00
13752,2019-07-27 15:00:00
13753,2019-07-27 16:00:00
13754,2019-07-27 17:00:00
13755,2019-07-27 18:00:00
13756,2019-07-27 19:00:00
13757,2019-07-27 20:00:00
13758,2019-07-27 21:00:00
13759,2019-07-27 22:00:00
13760,2019-07-27 23:00:00
13833,2019-07-31 00:00:00
13834,2019-07-31 01:00:00
13835,2019-07-31 02:00:00
13836,2019-07-31 03:00:00
13837,2019-07-31 04:00:00
13838,2019-07-31 05:00:00
13839,2019-07-31 06:00:00
13840,2019-07-31 07:00:00
13841,2019-07-31 08:00:00
13842,2019-07-31 09:00:00
13843,2019-07-31 10:00:00
13844,2019-07-31 11:00:00
13845,2019-07-31 12:00:00
13846,2019-07-31 13:00:00
13847,2019-07-31 14:00:00
13848,2019-07-31 15:00:00
13849,2019-07-31 16:00:00
13850,2019-07-31 17:00:00
13851,2019-07-31 18:00:00
13852,2019-07-31 19:00:00
13853,2019-07-31 20:00:00
13854,2019-07-31 21:00:00
13855,2019-07-31 22:00:00
13856,2019-07-31 23:00:00
13881,2019-08-02 00:00:00
13882,2019-08-02 01:00:00
13883,2019-08-02 02:00:00
13884,2019-08-02 03:00:00
13885,2019-08-02 04:00:00
13886,2019-08-02 05:00:00
13887,2019-08-02 06:00:00
13888,2019-08-02 07:00:00
13889,2019-08-02 08:00:00
13890,2019-08-02 09:00:00
13891,2019-08-02 10:00:00
13892,2019-08-02 11:00:00
13893,2019-08-02 12:00:00
13894,2019-08-02 13:00:00
13895,2019-08-02 14:00:00
13896,2019-08-02 15:00:00
13897,2019-08-02 16:00:00
13898,2019-08-02 17:00:00
13899,2019-08-02 18:00:00
13900,2019-08-02 19:00:00
13901,2019-08-02 20:00:00
13902,2019-08-02 21:00:00
13903,2019-08-02 22:00:00
13904,2019-08-02 23:00:00
14001,2019-08-07 00:00:00
14002,2019-08-07 01:00:00
14003,2019-08-07 02:00:00
14004,2019-08-07 03:00:00
14005,2019-08-07 04:00:00
14006,2019-08-07 05:00:00
14007,2019-08-07 06:00:00
14008,2019-08-07 07:00:00
14009,2019-08-07 08:00:00
14010,2019-08-07 09:00:00
14011,2019-08-07 10:00:00
14012,2019-08-07 11:00:00
14013,2019-08-07 12:00:00
14014,2019-08-07 13:00:00
14015,2019-08-07 14:00:00
14016,2019-08-07 15:00:00
14017,2019-08-07 16:00:00
14018,2019-08-07 17:00:00
14019,2019-08-07 18:00:00
14020,2019-08-07 19:00:00
14021,2019-08-07 20:00:00
14022,2019-08-07 21:00:00
14023,2019-08-07 22:00:00
14024,2019-08-07 23:00:00
14049,2019-08-09 00:00:00
14050,2019-08-09 01:00:00
14051,2019-08-09 02:00:00
14052,2019-08-09 03:00:00
14053,2019-08-09 04:00:00
14054,2019-08-09 05:00:00
14055,2019-08-09 06:00:00
14056,2019-08-09 07:00:00
14057,2019-08-09 08:00:00
14058,2019-08-09 09:00:00
14059,2019-08-09 10:00:00
14060,2019-08-09 11:00:00
14061,2019-08-09 12:00:00
14062,2019-08-09 13:00:00
14063,2019-08-09 14:00:00
14064,2019-08-09 15:00:00
14065,2019-08-09 16:00:00
14066,2019-08-09 17:00:00
14067,2019-08-09 18:00:00
14068,2019-08-09 19:00:00
14069,2019-08-09 20:00:00
14070,2019-08-09 21:00:00
14071,2019-08-09 22:00:00
14072,2019-08-09 23:00:00
14193,2019-08-15 00:00:00
14194,2019-08-15 01:00:00
14195,2019-08-15 02:00:00
14196,2019-08-15 03:00:00
14197,2019-08-15 04:00:00
14198,2019-08-15 05:00:00
14199,2019-08-15 06:00:00
14200,2019-08-15 07:00:00
14201,2019-08-15 08:00:00
14202,2019-08-15 09:00:00
14203,2019-08-15 10:00:00
14204,2019-08-15 11:00:00
14205,2019-08-15 12:00:00
14206,2019-08-15 13:00:00
14207,2019-08-15 14:00:00
14208,2019-08-15 15:00:00
14209,2019-08-15 16:00:00
14210,2019-08-15 17:00:00
14211,2019-08-15 18:00:00
14212,2019-08-15 19:00:00
14213,2019-08-15 20:00:00
14214,2019-08-15 21:00:00
14215,2019-08-15 22:00:00
14216,2019-08-15 23:00:00
14265,2019-08-18 00:00:00
14266,2019-08-18 01:00:00
14267,2019-08-18 02:00:00
14268,2019-08-18 03:00:00
14269,2019-08-18 04:00:00
14270,2019-08-18 05:00:00
14271,2019-08-18 06:00:00
14272,2019-08-18 07:00:00
14273,2019-08-18 08:00:00
14274,2019-08-18 09:00:00
14275,2019-08-18 10:00:00
14276,2019-08-18 11:00:00
14277,2019-08-18 12:00:00
14278,2019-08-18 13:00:00
14279,2019-08-18 14:00:00
14280,2019-08-18 15:00:00
14281,2019-08-18 16:00:00
14282,2019-08-18 17:00:00
14283,2019-08-18 18:00:00
14284,2019-08-18 19:00:00
14285,2019-08-18 20:00:00
14286,2019-08-18 21:00:00
14287,2019-08-18 22:00:00
14288,2019-08-18 23:00:00
14289,2019-08-19 00:00:00
14290,2019-08-19 01:00:00
14291,2019-08-19 02:00:00
14292,2019-08-19 03:00:00
14293,2019-08-19 04:00:00
14294,2019-08-19 05:00:00
14295,2019-08-19 06:00:00
14296,2019-08-19 07:00:00
14297,2019-08-19 08:00:00
14298,2019-08-19 09:00:00
14299,2019-08-19 10:00:00
14300,2019-08-19 11:00:00
14301,2019-08-19 12:00:00
14302,2019-08-19 13:00:00
14303,2019-08-19 14:00:00
14304,2019-08-19 15:00:00
14305,2019-08-19 16:00:00
14306,2019-08-19 17:00:00
14307,2019-08-19 18:00:00
14308,2019-08-19 19:00:00
14309,2019-08-19 20:00:00
14310,2019-08-19 21:00:00
14311,2019-08-19 22:00:00
14312,2019-08-19 23:00:00
